team,url,name,detail,SKU,color,price
Chicago Cubs,http://shop.neweracap.com/style/2016-World-Series-LR-Youth-Cap/20899376,Chicago Cubs 2016 MLB Youth World Series Locker Room Cap,"Made of 100% Polyester, Woven",20899376,Heather Charcoal/Black,$27.99
New Era,http://shop.neweracap.com/style/Super-Bowl-LI-Kids-NEO-39THIRTY-Cap/20869607,New Era Super Bowl LI Kids NEO 39THIRTY Cap,"Made of 50% Cotton, Woven, 50% Polyester, Woven",20869607,Black,$24.99
Dallas Cowboys,http://shop.neweracap.com/style/2016-Kids-Official-NFL-Sideline-39THIRTY-Cap/20847039,Dallas Cowboys 2016 Kids Official NFL Sideline 39THIRTY Cap,"Made of 100% Polyester, Woven",20847039,Navy/Gray,$25.99
San Francisco 49ers,http://shop.neweracap.com/style/2016-Kids-Official-NFL-Sideline-39THIRTY-Cap/20841756,San Francisco 49ers 2016 Kids Official NFL Sideline 39THIRTY Cap,"Made of 100% Polyester, Woven",20841756,Red/Black,$24.99
Denver Broncos,http://shop.neweracap.com/style/2016-Kids-Official-NFL-Sideline-39THIRTY-Cap/20841738,Denver Broncos 2016 Kids Official NFL Sideline 39THIRTY Cap,"Made of 100% Polyester, Woven",20841738,Orange/Navy,$24.99
New England Patriots,http://shop.neweracap.com/style/2016-NFL-Sideline-Classic-39THIRTY-Cap/20841774,New England Patriots 2016 NFL Sideline Classic 39THIRTY Cap,"Made of 100% Polyester, Woven",20841774,Navy/Red,$24.99
Seattle Seahawks,http://shop.neweracap.com/style/2016-Kids-Official-NFL-Sideline-39THIRTY-Cap/20841758,Seattle Seahawks 2016 Kids Official NFL Sideline 39THIRTY Cap,"Made of 100% Polyester, Woven",20841758,Navy/Lime,$24.99
Philadelphia Eagles,http://shop.neweracap.com/style/2016-Kids-Official-NFL-Sideline-39THIRTY-Cap/20841752,Philadelphia Eagles 2016 Kids Official NFL Sideline 39THIRTY Cap,"Made of 100% Polyester, Woven",20841752,Green/Black,$24.99
New York Giants,http://shop.neweracap.com/style/2016-Kids-Official-NFL-Sideline-39THIRTY-Cap/20841749,New York Giants 2016 Kids Official NFL Sideline 39THIRTY Cap,"Made of 100% Polyester, Woven",20841749,RoyalBlue/Red,$24.99
New England Patriots,http://shop.neweracap.com/style/2016-Kids-Official-NFL-Sideline-39THIRTY-Cap/20841747,New England Patriots 2016 Kids Official NFL Sideline 39THIRTY Cap,"Made of 100% Polyester, Woven",20841747,Navy/Gray,$24.99
Miami Dolphins,http://shop.neweracap.com/style/2016-Kids-Official-NFL-Sideline-39THIRTY-Cap/20841745,Miami Dolphins 2016 Kids Official NFL Sideline 39THIRTY Cap,"Made of 100% Polyester, Woven",20841745,Aqua/Orange,$24.99
Green Bay Packers,http://shop.neweracap.com/style/2016-Kids-Official-NFL-Sideline-39THIRTY-Cap/20841740,Green Bay Packers 2016 Kids Official NFL Sideline 39THIRTY Cap,"Made of 100% Polyester, Woven",20841740,Green/Yellow,$24.99
Arizona Cardinals,http://shop.neweracap.com/style/2016-Kids-Official-NFL-Sideline-39THIRTY-Cap/20841728,Arizona Cardinals 2016 Kids Official NFL Sideline 39THIRTY Cap,"Made of 100% Polyester, Woven",20841728,Maroon/Black,$24.99
Los Angeles Rams,http://shop.neweracap.com/style/2016-NFL-Sideline-Classic-39THIRTY-Cap/20841777,Los Angeles Rams 2016 NFL Sideline Classic 39THIRTY Cap,"Made of 100% Polyester, Woven",20841777,RoyalBlue/Yellow,$24.99
Indianapolis Colts,http://shop.neweracap.com/style/2016-NFL-Sideline-Classic-39THIRTY-Cap/20841772,Indianapolis Colts 2016 NFL Sideline Classic 39THIRTY Cap,"Made of 100% Polyester, Woven",20841772,RoyalBlue/White,$24.99
Green Bay Packers,http://shop.neweracap.com/style/2016-NFL-Sideline-Classic-39THIRTY-Cap/20841770,Green Bay Packers 2016 NFL Sideline Classic 39THIRTY Cap,"Made of 100% Polyester, Woven",20841770,Navy/Yellow,$24.99
Buffalo Bills,http://shop.neweracap.com/style/2016-NFL-Sideline-Classic-39THIRTY-Cap/20841767,Buffalo Bills 2016 NFL Sideline Classic 39THIRTY Cap,"Made of 100% Polyester, Woven",20841767,RoyalBlue/Red,$24.99
Washington Redskins,http://shop.neweracap.com/style/2016-Kids-Official-NFL-Sideline-39THIRTY-Cap/20841762,Washington Redskins 2016 Kids Official NFL Sideline 39THIRTY Cap,"Made of 100% Polyester, Woven",20841762,Maroon/Yellow,$24.99
Tennessee Titans,http://shop.neweracap.com/style/2016-Kids-Official-NFL-Sideline-39THIRTY-Cap/20841761,Tennessee Titans 2016 Kids Official NFL Sideline 39THIRTY Cap,"Made of 100% Polyester, Woven",20841761,Navy/LightBlue,$24.99
Tampa Bay Buccaneers,http://shop.neweracap.com/style/2016-Kids-Official-NFL-Sideline-39THIRTY-Cap/20841760,Tampa Bay Buccaneers 2016 Kids Official NFL Sideline 39THIRTY Cap,"Made of 100% Polyester, Woven",20841760,Red/Black,$24.99
Los Angeles Rams,http://shop.neweracap.com/style/2016-Kids-Official-NFL-Sideline-39THIRTY-Cap/20841759,Los Angeles Rams 2016 Kids Official NFL Sideline 39THIRTY Cap,"Made of 100% Polyester, Woven",20841759,Navy/Gold,$24.99
San Francisco 49ers,http://shop.neweracap.com/style/2016-Kids-Official-NFL-Sideline-39THIRTY-Cap/20841757,San Francisco 49ers 2016 Kids Official NFL Sideline 39THIRTY Cap,"Made of 100% Polyester, Woven",20841757,Black/Black,$24.99
San Diego Chargers,http://shop.neweracap.com/style/2016-Kids-Official-NFL-Sideline-39THIRTY-Cap/20841755,San Diego Chargers 2016 Kids Official NFL Sideline 39THIRTY Cap,"Made of 100% Polyester, Woven",20841755,Navy/LightBlue,$24.99
Pittsburgh Steelers,http://shop.neweracap.com/style/2016-Kids-Official-NFL-Sideline-39THIRTY-Cap/20841754,Pittsburgh Steelers 2016 Kids Official NFL Sideline 39THIRTY Cap,"Made of 100% Polyester, Woven",20841754,Black/Black,$24.99
Oakland Raiders,http://shop.neweracap.com/style/2016-Kids-Official-NFL-Sideline-39THIRTY-Cap/20841751,Oakland Raiders 2016 Kids Official NFL Sideline 39THIRTY Cap,"Made of 100% Polyester, Woven",20841751,Black/Gray,$24.99
New York Jets,http://shop.neweracap.com/style/2016-Kids-Official-NFL-Sideline-39THIRTY-Cap/20841750,New York Jets 2016 Kids Official NFL Sideline 39THIRTY Cap,"Made of 100% Polyester, Woven",20841750,Green/Green,$24.99
New Orleans Saints,http://shop.neweracap.com/style/2016-Kids-Official-NFL-Sideline-39THIRTY-Cap/20841748,New Orleans Saints 2016 Kids Official NFL Sideline 39THIRTY Cap,"Made of 100% Polyester, Woven",20841748,Black/Gold,$24.99
Minnesota Vikings,http://shop.neweracap.com/style/2016-Kids-Official-NFL-Sideline-39THIRTY-Cap/20841746,Minnesota Vikings 2016 Kids Official NFL Sideline 39THIRTY Cap,"Made of 100% Polyester, Woven",20841746,Purple/Yellow,$24.99
Kansas City Chiefs,http://shop.neweracap.com/style/2016-Kids-Official-NFL-Sideline-39THIRTY-Cap/20841744,Kansas City Chiefs 2016 Kids Official NFL Sideline 39THIRTY Cap,"Made of 100% Polyester, Woven",20841744,Red/Yellow,$24.99
Jacksonville Jaguars,http://shop.neweracap.com/style/2016-Kids-Official-NFL-Sideline-39THIRTY-Cap/20841743,Jacksonville Jaguars 2016 Kids Official NFL Sideline 39THIRTY Cap,"Made of 100% Polyester, Woven",20841743,Black/Teal,$24.99
Indianapolis Colts,http://shop.neweracap.com/style/2016-Kids-Official-NFL-Sideline-39THIRTY-Cap/20841742,Indianapolis Colts 2016 Kids Official NFL Sideline 39THIRTY Cap,"Made of 100% Polyester, Woven",20841742,RoyalBlue/RoyalBlue,$24.99
Houston Texans,http://shop.neweracap.com/style/2016-Kids-Official-NFL-Sideline-39THIRTY-Cap/20841741,Houston Texans 2016 Kids Official NFL Sideline 39THIRTY Cap,"Made of 100% Polyester, Woven",20841741,Navy/Navy,$24.99
Detroit Lions,http://shop.neweracap.com/style/2016-Kids-Official-NFL-Sideline-39THIRTY-Cap/20841739,Detroit Lions 2016 Kids Official NFL Sideline 39THIRTY Cap,"Made of 100% Polyester, Woven",20841739,LightBlue/Gray,$24.99
Cleveland Browns,http://shop.neweracap.com/style/2016-Kids-Official-NFL-Sideline-39THIRTY-Cap/20841737,Cleveland Browns 2016 Kids Official NFL Sideline 39THIRTY Cap,"Made of 100% Polyester, Woven",20841737,Brown/Orange,$24.99
Cincinnati Bengals,http://shop.neweracap.com/style/2016-Kids-Official-NFL-Sideline-39THIRTY-Cap/20841736,Cincinnati Bengals 2016 Kids Official NFL Sideline 39THIRTY Cap,"Made of 100% Polyester, Woven",20841736,Black/Orange,$24.99
Chicago Bears,http://shop.neweracap.com/style/2016-Kids-Official-NFL-Sideline-39THIRTY-Cap/20841735,Chicago Bears 2016 Kids Official NFL Sideline 39THIRTY Cap,"Made of 100% Polyester, Woven",20841735,Navy/Orange,$24.99
Chicago Bears,http://shop.neweracap.com/style/2016-Kids-Official-NFL-Sideline-39THIRTY-Cap/20841734,Chicago Bears 2016 Kids Official NFL Sideline 39THIRTY Cap,"Made of 100% Polyester, Woven",20841734,Navy/Orange,$24.99
Carolina Panthers,http://shop.neweracap.com/style/2016-Kids-Official-NFL-Sideline-39THIRTY-Cap/20841733,Carolina Panthers 2016 Kids Official NFL Sideline 39THIRTY Cap,"Made of 100% Polyester, Woven",20841733,LightBlue/Black,$24.99
Buffalo Bills,http://shop.neweracap.com/style/2016-Kids-Official-NFL-Sideline-39THIRTY-Cap/20841732,Buffalo Bills 2016 Kids Official NFL Sideline 39THIRTY Cap,"Made of 100% Polyester, Woven",20841732,RoyalBlue/Red,$24.99
Baltimore Ravens,http://shop.neweracap.com/style/2016-Kids-Official-NFL-Sideline-39THIRTY-Cap/20841731,Baltimore Ravens 2016 Kids Official NFL Sideline 39THIRTY Cap,"Made of 100% Polyester, Woven",20841731,Black/Black,$24.99
Atlanta Falcons,http://shop.neweracap.com/style/2016-Kids-Official-NFL-Sideline-39THIRTY-Cap/20841730,Atlanta Falcons 2016 Kids Official NFL Sideline 39THIRTY Cap,"Made of 100% Polyester, Woven",20841730,Black/Red,$24.99
New York Jets,http://shop.neweracap.com/style/2016-NFL-Kids-Training-Camp-39THIRTY-Cap/20839931,New York Jets 2016 NFL Kids Training Camp 39THIRTY Cap,"Made of 98% Polyester, Woven, 2% Spandex, Woven",20839931,Green/Heather/Reflective Silver,$24.99
Buffalo Bills,http://shop.neweracap.com/style/2016-NFL-Kids-Training-Camp-39THIRTY-Cap/20839913,Buffalo Bills 2016 NFL Kids Training Camp 39THIRTY Cap,"Made of 98% Polyester, Woven, 2% Spandex, Woven",20839913,RoyalBlue/Gray/Reflective Silver,$24.99
Dallas Cowboys,http://shop.neweracap.com/style/2016-NFL-Kids-Training-Camp-39THIRTY-Cap/20847013,Dallas Cowboys 2016 NFL Kids Training Camp 39THIRTY Cap,"Made of 98% Polyester, Woven, 2% Spandex Blend, Woven",20847013,Navy/Gray/Reflective Silver,$25.99
Seattle Seahawks,http://shop.neweracap.com/style/2016-NFL-Kids-Training-Camp-39THIRTY-Cap/20839937,Seattle Seahawks 2016 NFL Kids Training Camp 39THIRTY Cap,"Made of 95% Polyester, Woven, 5% Spandex, Woven",20839937,Navy/Gray/Reflective Silver,$24.99
Houston Texans,http://shop.neweracap.com/style/2016-NFL-Kids-Training-Camp-39THIRTY-Cap/20839921,Houston Texans 2016 NFL Kids Training Camp 39THIRTY Cap,"Made of 95% Polyester, Woven, 5% Spandex, Woven",20839921,Red/Gray/Reflective Silver,$24.99
Green Bay Packers,http://shop.neweracap.com/style/2016-NFL-Kids-Training-Camp-39THIRTY-Cap/20839920,Green Bay Packers 2016 NFL Kids Training Camp 39THIRTY Cap,"Made of 96% Polyester, Woven, 4% Spandex, Woven",20839920,Green/Heather/Reflective Silver,$24.99
Washington Redskins,http://shop.neweracap.com/style/2016-NFL-Kids-Training-Camp-39THIRTY-Cap/20839942,Washington Redskins 2016 NFL Kids Training Camp 39THIRTY Cap,"Made of 95% Polyester, Woven, 5% Spandex, Woven",20839942,Maroon/Gray/Reflective Silver,$24.99
Tennessee Titans,http://shop.neweracap.com/style/2016-NFL-Kids-Training-Camp-39THIRTY-Cap/20839941,Tennessee Titans 2016 NFL Kids Training Camp 39THIRTY Cap,"Made of 95% Polyester, Woven, 5% Spandex, Woven",20839941,Navy/Gray/Reflective Silver,$24.99
Tampa Bay Buccaneers,http://shop.neweracap.com/style/2016-NFL-Kids-Training-Camp-39THIRTY-Cap/20839940,Tampa Bay Buccaneers 2016 NFL Kids Training Camp 39THIRTY Cap,"Made of 98% Polyester, Woven, 2% Spandex Blend, Woven",20839940,Red/Gray/Reflective Silver,$24.99
Los Angeles Rams,http://shop.neweracap.com/style/2016-NFL-Kids-Training-Camp-39THIRTY-Cap/20839939,Los Angeles Rams 2016 NFL Kids Training Camp 39THIRTY Cap,"Made of 96% Polyester, Woven, 4% Spandex, Woven",20839939,Navy/Heather/Reflective Silver,$24.99
San Francisco 49ers,http://shop.neweracap.com/style/2016-NFL-Kids-Training-Camp-39THIRTY-Cap/20839936,San Francisco 49ers 2016 NFL Kids Training Camp 39THIRTY Cap,"Made of 95% Polyester, Woven, 5% Spandex, Woven",20839936,Red/Gray/Reflective Silver,$24.99
San Diego Chargers,http://shop.neweracap.com/style/2016-NFL-Kids-Training-Camp-39THIRTY-Cap/20839935,San Diego Chargers 2016 NFL Kids Training Camp 39THIRTY Cap,"Made of 96% Polyester, Woven, 4% Spandex, Woven",20839935,Navy/Gray/Reflective Silver,$24.99
Pittsburgh Steelers,http://shop.neweracap.com/style/2016-NFL-Kids-Training-Camp-39THIRTY-Cap/20839934,Pittsburgh Steelers 2016 NFL Kids Training Camp 39THIRTY Cap,"Made of 98% Polyester, Woven, 2% Spandex, Woven",20839934,Black/Heather/Reflective Silver,$24.99
Philadelphia Eagles,http://shop.neweracap.com/style/2016-NFL-Kids-Training-Camp-39THIRTY-Cap/20839933,Philadelphia Eagles 2016 NFL Kids Training Camp 39THIRTY Cap,"Made of 96% Polyester, Woven, 4% Spandex, Woven",20839933,Green/Heather/Reflective Silver,$24.99
Oakland Raiders,http://shop.neweracap.com/style/2016-NFL-Kids-Training-Camp-39THIRTY-Cap/20839932,Oakland Raiders 2016 NFL Kids Training Camp 39THIRTY Cap,"Made of 95% Polyester, Woven, 5% Spandex, Woven",20839932,Black/Gray/Reflective Silver,$24.99
New York Giants,http://shop.neweracap.com/style/2016-NFL-Kids-Training-Camp-39THIRTY-Cap/20839930,New York Giants 2016 NFL Kids Training Camp 39THIRTY Cap,"Made of 96% Polyester, Woven, 4% Spandex, Woven",20839930,RoyalBlue/Heather/Reflective Silver,$24.99
New Orleans Saints,http://shop.neweracap.com/style/2016-NFL-Kids-Training-Camp-39THIRTY-Cap/20839929,New Orleans Saints 2016 NFL Kids Training Camp 39THIRTY Cap,"Made of 95% Polyester, Woven, 5% Spandex, Woven",20839929,Black/Gray/Reflective Silver,$24.99
New England Patriots,http://shop.neweracap.com/style/2016-NFL-Kids-Training-Camp-39THIRTY-Cap/20839928,New England Patriots 2016 NFL Kids Training Camp 39THIRTY Cap,"Made of 96% Polyester, Woven, 4% Spandex, Woven",20839928,Navy/Heather/Reflective Silver,$24.99
Minnesota Vikings,http://shop.neweracap.com/style/2016-NFL-Kids-Training-Camp-39THIRTY-Cap/20839927,Minnesota Vikings 2016 NFL Kids Training Camp 39THIRTY Cap,"Made of 96% Polyester, Woven, 4% Spandex, Woven",20839927,Purple/Heather/Reflective Silver,$24.99
Miami Dolphins,http://shop.neweracap.com/style/2016-NFL-Kids-Training-Camp-39THIRTY-Cap/20839926,Miami Dolphins 2016 NFL Kids Training Camp 39THIRTY Cap,"Made of 96% Polyester, Woven, 4% Spandex, Woven",20839926,Aqua/Heather/Reflective Silver,$24.99
Kansas City Chiefs,http://shop.neweracap.com/style/2016-NFL-Kids-Training-Camp-39THIRTY-Cap/20839925,Kansas City Chiefs 2016 NFL Kids Training Camp 39THIRTY Cap,"Made of 98% Polyester, Woven, 2% Spandex, Woven",20839925,Red/Gray,$24.99
Jacksonville Jaguars,http://shop.neweracap.com/style/2016-NFL-Kids-Training-Camp-39THIRTY-Cap/20839924,Jacksonville Jaguars 2016 NFL Kids Training Camp 39THIRTY Cap,"Made of 95% Polyester, Woven, 5% Spandex, Woven",20839924,Teal/Gray/Reflective Silver,$24.99
Indianapolis Colts,http://shop.neweracap.com/style/2016-NFL-Kids-Training-Camp-39THIRTY-Cap/20839923,Indianapolis Colts 2016 NFL Kids Training Camp 39THIRTY Cap,"Made of 95% Polyester, Woven, 5% Spandex, Woven",20839923,RoyalBlue/Gray/Reflective Silver,$24.99
Indianapolis Colts,http://shop.neweracap.com/style/2016-NFL-Kids-Training-Camp-39THIRTY-Cap/20839922,Indianapolis Colts 2016 NFL Kids Training Camp 39THIRTY Cap,"Made of 95% Polyester, Woven, 5% Spandex, Woven",20839922,RoyalBlue/Gray/Reflective Silver,$24.99
Detroit Lions,http://shop.neweracap.com/style/2016-NFL-Kids-Training-Camp-39THIRTY-Cap/20839919,Detroit Lions 2016 NFL Kids Training Camp 39THIRTY Cap,"Made of 96% Polyester, Woven, 4% Spandex, Woven",20839919,Blue/Heather/Reflective Silver,$24.99
Denver Broncos,http://shop.neweracap.com/style/2016-NFL-Kids-Training-Camp-39THIRTY-Cap/20839918,Denver Broncos 2016 NFL Kids Training Camp 39THIRTY Cap,"Made of 96% Polyester, Woven, 4% Spandex, Woven",20839918,Orange/Heather/Reflective Silver,$24.99
Cleveland Browns,http://shop.neweracap.com/style/2016-NFL-Kids-Training-Camp-39THIRTY-Cap/20839917,Cleveland Browns 2016 NFL Kids Training Camp 39THIRTY Cap,"Made of 98% Polyester, Woven, 2% Spandex Blend, Woven",20839917,Orange/Gray/Reflective Silver,$24.99
Cincinnati Bengals,http://shop.neweracap.com/style/2016-NFL-Kids-Training-Camp-39THIRTY-Cap/20839916,Cincinnati Bengals 2016 NFL Kids Training Camp 39THIRTY Cap,"Made of 95% Polyester, Woven, 5% Spandex, Woven",20839916,Black/Gray/Reflective Silver,$24.99
Chicago Bears,http://shop.neweracap.com/style/2016-NFL-Kids-Training-Camp-39THIRTY-Cap/20839915,Chicago Bears 2016 NFL Kids Training Camp 39THIRTY Cap,"Made of 96% Polyester, Woven, 4% Spandex, Woven",20839915,Navy/Heather/Reflective Silver,$24.99
Carolina Panthers,http://shop.neweracap.com/style/2016-NFL-Kids-Training-Camp-39THIRTY-Cap/20839914,Carolina Panthers 2016 NFL Kids Training Camp 39THIRTY Cap,"Made of 95% Polyester, Woven, 5% Spandex, Woven",20839914,LightBlue/Gray/Reflective Silver,$24.99
Baltimore Ravens,http://shop.neweracap.com/style/2016-NFL-Kids-Training-Camp-39THIRTY-Cap/20839912,Baltimore Ravens 2016 NFL Kids Training Camp 39THIRTY Cap,"Made of 98% Polyester, Woven, 2% Spandex, Woven",20839912,Black/Gray/Reflective Silver,$24.99
Atlanta Falcons,http://shop.neweracap.com/style/2016-NFL-Kids-Training-Camp-39THIRTY-Cap/20839911,Atlanta Falcons 2016 NFL Kids Training Camp 39THIRTY Cap,"Made of 95% Polyester, Woven, 5% Spandex, Woven",20839911,Red/Gray/Reflective Silver,$24.99
Arizona Cardinals,http://shop.neweracap.com/style/2016-NFL-Kids-Training-Camp-39THIRTY-Cap/20839910,Arizona Cardinals 2016 NFL Kids Training Camp 39THIRTY Cap,"Made of 96% Polyester, Woven, 4% Spandex, Woven",20839910,Cardinal Red/Heather/Reflective Silver,$24.99
Chicago Cubs,http://shop.neweracap.com/style/MLB-Junior-Team-Classic-39THIRTY-Cap/20570061,Chicago Cubs MLB Junior Team Classic 39THIRTY Cap,"Made of 95% Polyester, Woven, 5% Spandex, Woven",20570061,LightNavy,$21.99
Toronto Blue Jays,http://shop.neweracap.com/style/MLB-Junior-Team-Classic-39THIRTY-Cap/20570117,Toronto Blue Jays MLB Junior Team Classic 39THIRTY Cap,"Made of 95% Polyester, Woven, 5% Spandex, Woven",20570117,RoyalBlue,$21.99
Cincinnati Reds,http://shop.neweracap.com/style/MLB-Jr-Team-Front-Neo-39THIRTY-Cap/20812506,Cincinnati Reds MLB Jr Team Front Neo 39THIRTY Cap,"Made of 50% Cotton, Woven, 50% Polyester, Woven",20812506,Red/Black,$21.99
New York Yankees,http://shop.neweracap.com/style/MLB-Junior-Team-Classic-39THIRTY-Cap/20570096,New York Yankees MLB Junior Team Classic 39THIRTY Cap,"Made of 95% Polyester, Woven, 5% Spandex, Woven",20570096,Navy,$21.99
Los Angeles Dodgers,http://shop.neweracap.com/style/MLB-Junior-Team-Classic-39THIRTY-Cap/20570082,Los Angeles Dodgers MLB Junior Team Classic 39THIRTY Cap,"Made of 95% Polyester, Woven, 5% Spandex, Woven",20570082,RoyalBlue,$21.99
Cleveland Indians,http://shop.neweracap.com/style/MLB-Junior-Team-Classic-39THIRTY-Cap/20570070,Cleveland Indians MLB Junior Team Classic 39THIRTY Cap,"Made of 95% Polyester, Woven, 5% Spandex, Woven",20570070,Navy,$21.99
New York Yankees,http://shop.neweracap.com/style/MLB-Jr-Team-Front-Neo-39THIRTY-Cap/20812534,New York Yankees MLB Jr Team Front Neo 39THIRTY Cap,"Made of 50% Cotton, Woven, 50% Polyester, Woven",20812534,Navy/White,$21.99
Los Angeles Dodgers,http://shop.neweracap.com/style/MLB-Jr-Team-Front-Neo-39THIRTY-Cap/20812521,Los Angeles Dodgers MLB Jr Team Front Neo 39THIRTY Cap,"Made of 50% Cotton, Woven, 50% Polyester, Woven",20812521,RoyalBlue/Gray,$21.99
San Francisco Giants,http://shop.neweracap.com/style/MLB-Junior-Team-Classic-39THIRTY-Cap/20570108,San Francisco Giants MLB Junior Team Classic 39THIRTY Cap,"Made of 95% Polyester, Woven, 5% Spandex, Woven",20570108,Black,$21.99
Pittsburgh Pirates,http://shop.neweracap.com/style/MLB-Junior-Team-Classic-39THIRTY-Cap/20570104,Pittsburgh Pirates MLB Junior Team Classic 39THIRTY Cap,"Made of 95% Polyester, Woven, 5% Spandex, Woven",20570104,Black,$21.99
Washington Nationals,http://shop.neweracap.com/style/MLB-Jr-Team-Front-Neo-39THIRTY-Cap/20812560,Washington Nationals MLB Jr Team Front Neo 39THIRTY Cap,"Made of 50% Cotton, Woven, 50% Polyester, Woven",20812560,Red/Navy,$21.99
Philadelphia Phillies,http://shop.neweracap.com/style/MLB-Jr-Team-Front-Neo-39THIRTY-Cap/20812542,Philadelphia Phillies MLB Jr Team Front Neo 39THIRTY Cap,"Made of 50% Cotton, Woven, 50% Polyester, Woven",20812542,Red/RoyalBlue,$21.99
Washington Nationals,http://shop.neweracap.com/style/MLB-Junior-Team-Classic-39THIRTY-Cap/20570122,Washington Nationals MLB Junior Team Classic 39THIRTY Cap,"Made of 95% Polyester, Woven, 5% Spandex, Woven",20570122,Red/Navy,$21.99
Texas Rangers,http://shop.neweracap.com/style/MLB-Junior-Team-Classic-39THIRTY-Cap/20570115,Texas Rangers MLB Junior Team Classic 39THIRTY Cap,"Made of 95% Polyester, Woven, 5% Spandex, Woven",20570115,Red,$21.99
St. Louis Cardinals,http://shop.neweracap.com/style/MLB-Junior-Team-Classic-39THIRTY-Cap/20570112,St. Louis Cardinals MLB Junior Team Classic 39THIRTY Cap,"Made of 95% Polyester, Woven, 5% Spandex, Woven",20570112,Navy/Red,$21.99
St. Louis Cardinals,http://shop.neweracap.com/style/MLB-Junior-Team-Classic-39THIRTY-Cap/20570111,St. Louis Cardinals MLB Junior Team Classic 39THIRTY Cap,"Made of 95% Polyester, Woven, 5% Spandex, Woven",20570111,Navy,$21.99
San Francisco Giants,http://shop.neweracap.com/style/MLB-Junior-Team-Classic-39THIRTY-Cap/20570107,San Francisco Giants MLB Junior Team Classic 39THIRTY Cap,"Made of 95% Polyester, Woven, 5% Spandex, Woven",20570107,Black/Orange,$21.99
San Diego Padres,http://shop.neweracap.com/style/MLB-Junior-Team-Classic-39THIRTY-Cap/20570105,San Diego Padres MLB Junior Team Classic 39THIRTY Cap,"Made of 95% Polyester, Woven, 5% Spandex, Woven",20570105,Brown,$21.99
Philadelphia Phillies,http://shop.neweracap.com/style/MLB-Junior-Team-Classic-39THIRTY-Cap/20570101,Philadelphia Phillies MLB Junior Team Classic 39THIRTY Cap,"Made of 95% Polyester, Woven, 5% Spandex, Woven",20570101,Red,$21.99
Philadelphia Phillies,http://shop.neweracap.com/style/MLB-Junior-Team-Classic-39THIRTY-Cap/20570100,Philadelphia Phillies MLB Junior Team Classic 39THIRTY Cap,"Made of 95% Polyester, Woven, 5% Spandex, Woven",20570100,RoyalBlue/Red,$21.99
Milwaukee Brewers,http://shop.neweracap.com/style/MLB-Junior-Team-Classic-39THIRTY-Cap/20570087,Milwaukee Brewers MLB Junior Team Classic 39THIRTY Cap,"Made of 97% Polyester, Woven, 3% Spandex, Woven",20570087,LightNavy,$21.99
Miami Marlins,http://shop.neweracap.com/style/MLB-Junior-Team-Classic-39THIRTY-Cap/20570085,Miami Marlins MLB Junior Team Classic 39THIRTY Cap,"Made of 95% Polyester, Woven, 5% Spandex, Woven",20570085,Orange,$21.99
Boston Red Sox,http://shop.neweracap.com/style/MLB-Junior-Team-Classic-39THIRTY-Cap/20570059,Boston Red Sox MLB Junior Team Classic 39THIRTY Cap,"Made of 95% Polyester, Woven, 5% Spandex, Woven",20570059,Navy,$21.99
Baltimore Orioles,http://shop.neweracap.com/style/MLB-Junior-Team-Classic-39THIRTY-Cap/20570058,Baltimore Orioles MLB Junior Team Classic 39THIRTY Cap,"Made of 95% Polyester, Woven, 5% Spandex, Woven",20570058,Black/Orange,$21.99
Baltimore Orioles,http://shop.neweracap.com/style/MLB-Junior-Team-Classic-39THIRTY-Cap/20570057,Baltimore Orioles MLB Junior Team Classic 39THIRTY Cap,"Made of 95% Polyester, Woven, 5% Spandex, Woven",20570057,White/Black/Orange,$21.99
Baltimore Orioles,http://shop.neweracap.com/style/MLB-Junior-Team-Classic-39THIRTY-Cap/20570056,Baltimore Orioles MLB Junior Team Classic 39THIRTY Cap,"Made of 95% Polyester, Woven, 5% Spandex, Woven",20570056,Black/Orange,$21.99
Atlanta Braves,http://shop.neweracap.com/style/MLB-Junior-Team-Classic-39THIRTY-Cap/20570055,Atlanta Braves MLB Junior Team Classic 39THIRTY Cap,"Made of 95% Polyester, Woven, 5% Spandex, Woven",20570055,Navy,$21.99
Arizona Diamondbacks,http://shop.neweracap.com/style/MLB-Junior-Team-Classic-39THIRTY-Cap/20570052,Arizona Diamondbacks MLB Junior Team Classic 39THIRTY Cap,"Made of 95% Polyester, Woven, 5% Spandex, Woven",20570052,Red,$21.99
Los Angeles Angels,http://shop.neweracap.com/style/MLB-Junior-Team-Classic-39THIRTY-Cap/20570050,Los Angeles Angels MLB Junior Team Classic 39THIRTY Cap,"Made of 95% Polyester, Woven, 5% Spandex, Woven",20570050,Red,$21.99
Tampa Bay Rays,http://shop.neweracap.com/style/MLB-Jr-Team-Front-Neo-39THIRTY-Cap/20812558,Tampa Bay Rays MLB Jr Team Front Neo 39THIRTY Cap,"Made of 50% Cotton, Woven, 50% Polyester, Woven",20812558,Navy/LightBlue,$21.99
San Francisco Giants,http://shop.neweracap.com/style/MLB-Jr-Team-Front-Neo-39THIRTY-Cap/20812550,San Francisco Giants MLB Jr Team Front Neo 39THIRTY Cap,"Made of 50% Cotton, Woven, 50% Polyester, Woven",20812550,Black/Orange,$21.99
San Diego Padres,http://shop.neweracap.com/style/MLB-Jr-Team-Front-Neo-39THIRTY-Cap/20812547,San Diego Padres MLB Jr Team Front Neo 39THIRTY Cap,"Made of 50% Cotton, Woven, 50% Polyester, Woven",20812547,Navy/Gray,$21.99
Oakland Athletics,http://shop.neweracap.com/style/MLB-Jr-Team-Front-Neo-39THIRTY-Cap/20812540,Oakland Athletics MLB Jr Team Front Neo 39THIRTY Cap,"Made of 50% Cotton, Woven, 50% Polyester, Woven",20812540,Green/Yellow,$21.99
Milwaukee Brewers,http://shop.neweracap.com/style/MLB-Jr-Team-Front-Neo-39THIRTY-Cap/20812528,Milwaukee Brewers MLB Jr Team Front Neo 39THIRTY Cap,"Made of 50% Cotton, Woven, 50% Polyester, Woven",20812528,Navy/Gold,$21.99
Miami Marlins,http://shop.neweracap.com/style/MLB-Jr-Team-Front-Neo-39THIRTY-Cap/20812526,Miami Marlins MLB Jr Team Front Neo 39THIRTY Cap,"Made of 50% Cotton, Woven, 50% Polyester, Woven",20812526,Black/Orange,$21.99
Kansas City Royals,http://shop.neweracap.com/style/MLB-Jr-Team-Front-Neo-39THIRTY-Cap/20812516,Kansas City Royals MLB Jr Team Front Neo 39THIRTY Cap,"Made of 50% Cotton, Woven, 50% Polyester, Woven",20812516,LightNavy/LightBlue,$21.99
Colorado Rockies,http://shop.neweracap.com/style/MLB-Jr-Team-Front-Neo-39THIRTY-Cap/20812510,Colorado Rockies MLB Jr Team Front Neo 39THIRTY Cap,"Made of 50% Cotton, Woven, 50% Polyester, Woven",20812510,Black/Purple,$21.99
Cleveland Indians,http://shop.neweracap.com/style/MLB-Jr-Team-Front-Neo-39THIRTY-Cap/20812508,Cleveland Indians MLB Jr Team Front Neo 39THIRTY Cap,"Made of 50% Cotton, Woven, 50% Polyester, Woven",20812508,Navy/Red,$21.99
Chicago White Sox,http://shop.neweracap.com/style/MLB-Jr-Team-Front-Neo-39THIRTY-Cap/20812505,Chicago White Sox MLB Jr Team Front Neo 39THIRTY Cap,"Made of 50% Cotton, Woven, 50% Polyester, Woven",20812505,Black/Gray,$21.99
Baltimore Orioles,http://shop.neweracap.com/style/MLB-Jr-Team-Front-Neo-39THIRTY-Cap/20812502,Baltimore Orioles MLB Jr Team Front Neo 39THIRTY Cap,"Made of 50% Cotton, Woven, 50% Polyester, Woven",20812502,Black/Orange,$21.99
Atlanta Braves,http://shop.neweracap.com/style/MLB-Jr-Team-Front-Neo-39THIRTY-Cap/20812501,Atlanta Braves MLB Jr Team Front Neo 39THIRTY Cap,"Made of 50% Cotton, Woven, 50% Polyester, Woven",20812501,Navy/Red,$21.99
Washington Nationals,http://shop.neweracap.com/style/MLB-Junior-Team-Classic-39THIRTY-Cap/20570124,Washington Nationals MLB Junior Team Classic 39THIRTY Cap,"Made of 95% Polyester, Woven, 5% Spandex, Woven",20570124,Red,$21.99
Washington Nationals,http://shop.neweracap.com/style/MLB-Junior-Team-Classic-39THIRTY-Cap/20570121,Washington Nationals MLB Junior Team Classic 39THIRTY Cap,"Made of 95% Polyester, Woven, 5% Spandex, Woven",20570121,Navy/Red,$21.99
Texas Rangers,http://shop.neweracap.com/style/MLB-Junior-Team-Classic-39THIRTY-Cap/20570116,Texas Rangers MLB Junior Team Classic 39THIRTY Cap,"Made of 95% Polyester, Woven, 5% Spandex, Woven",20570116,RoyalBlue,$21.99
Tampa Bay Rays,http://shop.neweracap.com/style/MLB-Junior-Team-Classic-39THIRTY-Cap/20570114,Tampa Bay Rays MLB Junior Team Classic 39THIRTY Cap,"Made of 95% Polyester, Woven, 5% Spandex, Woven",20570114,Navy,$21.99
St. Louis Cardinals,http://shop.neweracap.com/style/MLB-Junior-Team-Classic-39THIRTY-Cap/20570113,St. Louis Cardinals MLB Junior Team Classic 39THIRTY Cap,"Made of 95% Polyester, Woven, 5% Spandex, Woven",20570113,Red,$21.99
Seattle Mariners,http://shop.neweracap.com/style/MLB-Junior-Team-Classic-39THIRTY-Cap/20570110,Seattle Mariners MLB Junior Team Classic 39THIRTY Cap,"Made of 95% Polyester, Woven, 5% Spandex, Woven",20570110,Navy,$21.99
Seattle Mariners,http://shop.neweracap.com/style/MLB-Junior-Team-Classic-39THIRTY-Cap/20570109,Seattle Mariners MLB Junior Team Classic 39THIRTY Cap,"Made of 95% Polyester, Woven, 5% Spandex, Woven",20570109,Navy/Teal,$21.99
San Diego Padres,http://shop.neweracap.com/style/MLB-Junior-Team-Classic-39THIRTY-Cap/20570106,San Diego Padres MLB Junior Team Classic 39THIRTY Cap,"Made of 95% Polyester, Woven, 5% Spandex, Woven",20570106,Navy,$21.99
Pittsburgh Pirates,http://shop.neweracap.com/style/MLB-Junior-Team-Classic-39THIRTY-Cap/20570103,Pittsburgh Pirates MLB Junior Team Classic 39THIRTY Cap,"Made of 95% Polyester, Woven, 5% Spandex, Woven",20570103,Gold/Black,$21.99
Pittsburgh Pirates,http://shop.neweracap.com/style/MLB-Junior-Team-Classic-39THIRTY-Cap/20570102,Pittsburgh Pirates MLB Junior Team Classic 39THIRTY Cap,"Made of 95% Polyester, Woven, 5% Spandex, Woven",20570102,Black,$21.99
Oakland Athletics,http://shop.neweracap.com/style/MLB-Junior-Team-Classic-39THIRTY-Cap/20570098,Oakland Athletics MLB Junior Team Classic 39THIRTY Cap,"Made of 95% Polyester, Woven, 5% Spandex, Woven",20570098,Green,$21.99
Oakland Athletics,http://shop.neweracap.com/style/MLB-Junior-Team-Classic-39THIRTY-Cap/20570097,Oakland Athletics MLB Junior Team Classic 39THIRTY Cap,"Made of 95% Polyester, Woven, 5% Spandex, Woven",20570097,Green/Yellow,$21.99
New York Mets,http://shop.neweracap.com/style/MLB-Junior-Team-Classic-39THIRTY-Cap/20570094,New York Mets MLB Junior Team Classic 39THIRTY Cap,"Made of 95% Polyester, Woven, 5% Spandex, Woven",20570094,RoyalBlue,$21.99
New York Mets,http://shop.neweracap.com/style/MLB-Junior-Team-Classic-39THIRTY-Cap/20570093,New York Mets MLB Junior Team Classic 39THIRTY Cap,"Made of 97% Polyester, Woven, 3% Spandex, Woven",20570093,RoyalBlue/Orange,$21.99
New York Mets,http://shop.neweracap.com/style/MLB-Junior-Team-Classic-39THIRTY-Cap/20570092,New York Mets MLB Junior Team Classic 39THIRTY Cap,"Made of 95% Polyester, Woven, 5% Spandex, Woven",20570092,Black,$21.99
Minnesota Twins,http://shop.neweracap.com/style/MLB-Junior-Team-Classic-39THIRTY-Cap/20570090,Minnesota Twins MLB Junior Team Classic 39THIRTY Cap,"Made of 95% Polyester, Woven, 5% Spandex, Woven",20570090,Navy/Red,$21.99
Minnesota Twins,http://shop.neweracap.com/style/MLB-Junior-Team-Classic-39THIRTY-Cap/20570089,Minnesota Twins MLB Junior Team Classic 39THIRTY Cap,"Made of 95% Polyester, Woven, 5% Spandex, Woven",20570089,Navy,$21.99
Minnesota Twins,http://shop.neweracap.com/style/MLB-Junior-Team-Classic-39THIRTY-Cap/20570088,Minnesota Twins MLB Junior Team Classic 39THIRTY Cap,"Made of 95% Polyester, Woven, 5% Spandex, Woven",20570088,Navy,$21.99
Milwaukee Brewers,http://shop.neweracap.com/style/MLB-Junior-Team-Classic-39THIRTY-Cap/20570086,Milwaukee Brewers MLB Junior Team Classic 39THIRTY Cap,"Made of 95% Polyester, Woven, 5% Spandex, Woven",20570086,RoyalBlue,$21.99
Miami Marlins,http://shop.neweracap.com/style/MLB-Junior-Team-Classic-39THIRTY-Cap/20570084,Miami Marlins MLB Junior Team Classic 39THIRTY Cap,"Made of 95% Polyester, Woven, 5% Spandex, Woven",20570084,Black,$21.99
Kansas City Royals,http://shop.neweracap.com/style/MLB-Junior-Team-Classic-39THIRTY-Cap/20570081,Kansas City Royals MLB Junior Team Classic 39THIRTY Cap,"Made of 95% Polyester, Woven, 5% Spandex, Woven",20570081,RoyalBlue,$21.99
Houston Astros,http://shop.neweracap.com/style/MLB-Junior-Team-Classic-39THIRTY-Cap/20570080,Houston Astros MLB Junior Team Classic 39THIRTY Cap,"Made of 97% Polyester, Woven, 3% Spandex, Woven",20570080,Navy/Orange,$21.99
Houston Astros,http://shop.neweracap.com/style/MLB-Junior-Team-Classic-39THIRTY-Cap/20570078,Houston Astros MLB Junior Team Classic 39THIRTY Cap,"Made of 95% Polyester, Woven, 5% Spandex, Woven",20570078,Navy,$21.99
Houston Astros,http://shop.neweracap.com/style/MLB-Junior-Team-Classic-39THIRTY-Cap/20570077,Houston Astros MLB Junior Team Classic 39THIRTY Cap,"Made of 95% Polyester, Woven, 5% Spandex, Woven",20570077,Orange,$21.99
Detroit Tigers,http://shop.neweracap.com/style/MLB-Junior-Team-Classic-39THIRTY-Cap/20570076,Detroit Tigers MLB Junior Team Classic 39THIRTY Cap,"Made of 97% Polyester, Woven, 3% Spandex, Woven",20570076,Navy,$21.99
Detroit Tigers,http://shop.neweracap.com/style/MLB-Junior-Team-Classic-39THIRTY-Cap/20570075,Detroit Tigers MLB Junior Team Classic 39THIRTY Cap,"Made of 95% Polyester, Woven, 5% Spandex, Woven",20570075,Navy,$21.99
Colorado Rockies,http://shop.neweracap.com/style/MLB-Junior-Team-Classic-39THIRTY-Cap/20570074,Colorado Rockies MLB Junior Team Classic 39THIRTY Cap,"Made of 95% Polyester, Woven, 5% Spandex, Woven",20570074,Black,$21.99
Colorado Rockies,http://shop.neweracap.com/style/MLB-Junior-Team-Classic-39THIRTY-Cap/20570072,Colorado Rockies MLB Junior Team Classic 39THIRTY Cap,"Made of 95% Polyester, Woven, 5% Spandex, Woven",20570072,Purple,$21.99
Colorado Rockies,http://shop.neweracap.com/style/MLB-Junior-Team-Classic-39THIRTY-Cap/20570071,Colorado Rockies MLB Junior Team Classic 39THIRTY Cap,"Made of 95% Polyester, Woven, 5% Spandex, Woven",20570071,Black/Purple,$21.99
Cleveland Indians,http://shop.neweracap.com/style/MLB-Junior-Team-Classic-39THIRTY-Cap/20570069,Cleveland Indians MLB Junior Team Classic 39THIRTY Cap,"Made of 95% Polyester, Woven, 5% Spandex, Woven",20570069,Navy/Red,$21.99
Cleveland Indians,http://shop.neweracap.com/style/MLB-Junior-Team-Classic-39THIRTY-Cap/20570068,Cleveland Indians MLB Junior Team Classic 39THIRTY Cap,"Made of 95% Polyester, Woven, 5% Spandex, Woven",20570068,Navy,$21.99
Cleveland Indians,http://shop.neweracap.com/style/MLB-Junior-Team-Classic-39THIRTY-Cap/20570067,Cleveland Indians MLB Junior Team Classic 39THIRTY Cap,"Made of 95% Polyester, Woven, 5% Spandex, Woven",20570067,Red,$21.99
Cincinnati Reds,http://shop.neweracap.com/style/MLB-Junior-Team-Classic-39THIRTY-Cap/20570066,Cincinnati Reds MLB Junior Team Classic 39THIRTY Cap,"Made of 97% Polyester, Woven, 3% Spandex, Woven",20570066,Red/Black,$21.99
Cincinnati Reds,http://shop.neweracap.com/style/MLB-Junior-Team-Classic-39THIRTY-Cap/20570065,Cincinnati Reds MLB Junior Team Classic 39THIRTY Cap,"Made of 95% Polyester, Woven, 5% Spandex, Woven",20570065,Red,$21.99
Cincinnati Reds,http://shop.neweracap.com/style/MLB-Junior-Team-Classic-39THIRTY-Cap/20570064,Cincinnati Reds MLB Junior Team Classic 39THIRTY Cap,"Made of 95% Polyester, Woven, 5% Spandex, Woven",20570064,Black/Red,$21.99
Chicago White Sox,http://shop.neweracap.com/style/MLB-Junior-Team-Classic-39THIRTY-Cap/20570063,Chicago White Sox MLB Junior Team Classic 39THIRTY Cap,"Made of 95% Polyester, Woven, 5% Spandex, Woven",20570063,Black,$21.99
Chicago White Sox,http://shop.neweracap.com/style/MLB-Junior-Team-Classic-39THIRTY-Cap/20570062,Chicago White Sox MLB Junior Team Classic 39THIRTY Cap,"Made of 95% Polyester, Woven, 5% Spandex, Woven",20570062,White/Navy/Red,$21.99
Boston Red Sox,http://shop.neweracap.com/style/MLB-Junior-Team-Classic-39THIRTY-Cap/20570060,Boston Red Sox MLB Junior Team Classic 39THIRTY Cap,"Made of 95% Polyester, Woven, 5% Spandex, Woven",20570060,Navy,$21.99
Atlanta Braves,http://shop.neweracap.com/style/MLB-Junior-Team-Classic-39THIRTY-Cap/20570054,Atlanta Braves MLB Junior Team Classic 39THIRTY Cap,"Made of 100% Polyester, Woven",20570054,Navy/Red,$21.99
Atlanta Braves,http://shop.neweracap.com/style/MLB-Junior-Team-Classic-39THIRTY-Cap/20570053,Atlanta Braves MLB Junior Team Classic 39THIRTY Cap,"Made of 95% Polyester, Woven, 5% Spandex, Woven",20570053,Navy/Red,$21.99
Arizona Diamondbacks,http://shop.neweracap.com/style/MLB-Junior-Team-Classic-39THIRTY-Cap/20570051,Arizona Diamondbacks MLB Junior Team Classic 39THIRTY Cap,"Made of 95% Polyester, Woven, 5% Spandex, Woven",20570051,Black,$21.99
