team,url,name,SKU,price,color,detail
Chicago Cubs,http://shop.neweracap.com/style/2016-MLB-Youth-WS-CHAMP-59FIFTY-AC-Patch-Cap/20901430,Chicago Cubs 2016 MLB Youth World Series Champ 59FIFTY AC Patch Cap,20901430,$29.99,RoyalBlue,"Made of 100% Polyester, Woven"
Golden State Warriors,http://shop.neweracap.com/style/NBA-Kids-Black-White-59FIFTY-Cap/20876268,Golden State Warriors NBA Kids Black White 59FIFTY Cap,20876268,$24.99,Black,"Made of 70% Acrylic, Woven, 30% Wool, Woven"
Toronto Raptors,http://shop.neweracap.com/style/NBA-Kids-Black-White-59FIFTY-Cap/20876287,Toronto Raptors NBA Kids Black White 59FIFTY Cap,20876287,$24.99,Black,"Made of 70% Acrylic, Woven, 30% Wool, Woven"
Portland Trail Blazers,http://shop.neweracap.com/style/NBA-Kids-Black-White-59FIFTY-Cap/20876285,Portland Trail Blazers NBA Kids Black White 59FIFTY Cap,20876285,$24.99,Black,"Made of 70% Acrylic, Woven, 30% Wool, Woven"
Philadelphia 76ers,http://shop.neweracap.com/style/NBA-Kids-Black-White-59FIFTY-Cap/20876282,Philadelphia 76ers NBA Kids Black White 59FIFTY Cap,20876282,$24.99,Black,"Made of 70% Acrylic, Woven, 30% Wool, Woven"
Utah Jazz,http://shop.neweracap.com/style/NBA-Kids-Black-White-59FIFTY-Cap/20876281,Utah Jazz NBA Kids Black White 59FIFTY Cap,20876281,$24.99,Black,"Made of 70% Acrylic, Woven, 30% Wool, Woven"
Orlando Magic,http://shop.neweracap.com/style/NBA-Kids-Black-White-59FIFTY-Cap/20876280,Orlando Magic NBA Kids Black White 59FIFTY Cap,20876280,$24.99,Black,"Made of 70% Acrylic, Woven, 30% Wool, Woven"
Oklahoma City Thunder,http://shop.neweracap.com/style/NBA-Kids-Black-White-59FIFTY-Cap/20876279,Oklahoma City Thunder NBA Kids Black White 59FIFTY Cap,20876279,$24.99,Black,"Made of 70% Acrylic, Woven, 30% Wool, Woven"
New Orleans Pelicans,http://shop.neweracap.com/style/NBA-Kids-Black-White-59FIFTY-Cap/20876277,New Orleans Pelicans NBA Kids Black White 59FIFTY Cap,20876277,$24.99,Black,"Made of 70% Acrylic, Woven, 30% Wool, Woven"
Minnesota Timberwolves,http://shop.neweracap.com/style/NBA-Kids-Black-White-59FIFTY-Cap/20876276,Minnesota Timberwolves NBA Kids Black White 59FIFTY Cap,20876276,$24.99,Black,"Made of 70% Acrylic, Woven, 30% Wool, Woven"
Miami Heat,http://shop.neweracap.com/style/NBA-Kids-Black-White-59FIFTY-Cap/20876274,Miami Heat NBA Kids Black White 59FIFTY Cap,20876274,$24.99,Black,"Made of 70% Acrylic, Woven, 30% Wool, Woven"
Memphis Grizzlies,http://shop.neweracap.com/style/NBA-Kids-Black-White-59FIFTY-Cap/20876273,Memphis Grizzlies NBA Kids Black White 59FIFTY Cap,20876273,$24.99,Black,"Made of 70% Acrylic, Woven, 30% Wool, Woven"
Los Angeles Lakers,http://shop.neweracap.com/style/NBA-Kids-Black-White-59FIFTY-Cap/20876272,Los Angeles Lakers NBA Kids Black White 59FIFTY Cap,20876272,$24.99,Black,"Made of 70% Acrylic, Woven, 30% Wool, Woven"
Los Angeles Clippers,http://shop.neweracap.com/style/NBA-Kids-Black-White-59FIFTY-Cap/20876271,Los Angeles Clippers NBA Kids Black White 59FIFTY Cap,20876271,$24.99,Black,"Made of 70% Acrylic, Woven, 30% Wool, Woven"
Indiana Pacers,http://shop.neweracap.com/style/NBA-Kids-Black-White-59FIFTY-Cap/20876270,Indiana Pacers NBA Kids Black White 59FIFTY Cap,20876270,$24.99,Black,"Made of 70% Acrylic, Woven, 30% Wool, Woven"
Houston Rockets,http://shop.neweracap.com/style/NBA-Kids-Black-White-59FIFTY-Cap/20876269,Houston Rockets NBA Kids Black White 59FIFTY Cap,20876269,$24.99,Black,"Made of 70% Acrylic, Woven, 30% Wool, Woven"
Detroit Pistons,http://shop.neweracap.com/style/NBA-Kids-Black-White-59FIFTY-Cap/20876267,Detroit Pistons NBA Kids Black White 59FIFTY Cap,20876267,$24.99,Black,"Made of 70% Acrylic, Woven, 30% Wool, Woven"
Dallas Mavericks,http://shop.neweracap.com/style/NBA-Kids-Black-White-59FIFTY-Cap/20876265,Dallas Mavericks NBA Kids Black White 59FIFTY Cap,20876265,$24.99,Black,"Made of 70% Acrylic, Woven, 30% Wool, Woven"
Cleveland Cavaliers,http://shop.neweracap.com/style/NBA-Kids-Black-White-59FIFTY-Cap/20876264,Cleveland Cavaliers NBA Kids Black White 59FIFTY Cap,20876264,$24.99,Black,"Made of 70% Acrylic, Woven, 30% Wool, Woven"
Chicago Bulls,http://shop.neweracap.com/style/NBA-Kids-Black-White-59FIFTY-Cap/20876263,Chicago Bulls NBA Kids Black White 59FIFTY Cap,20876263,$24.99,Black,"Made of 70% Acrylic, Woven, 30% Wool, Woven"
Charlotte Hornets,http://shop.neweracap.com/style/NBA-Kids-Black-White-59FIFTY-Cap/20876262,Charlotte Hornets NBA Kids Black White 59FIFTY Cap,20876262,$24.99,Black,"Made of 70% Acrylic, Woven, 30% Wool, Woven"
Brooklyn Nets,http://shop.neweracap.com/style/NBA-Kids-Black-White-59FIFTY-Cap/20876261,Brooklyn Nets NBA Kids Black White 59FIFTY Cap,20876261,$24.99,Black,"Made of 70% Acrylic, Woven, 30% Wool, Woven"
Boston Celtics,http://shop.neweracap.com/style/NBA-Kids-Black-White-59FIFTY-Cap/20876260,Boston Celtics NBA Kids Black White 59FIFTY Cap,20876260,$24.99,Black,"Made of 70% Acrylic, Woven, 30% Wool, Woven"
Atlanta Hawks,http://shop.neweracap.com/style/NBA-Kids-Black-White-59FIFTY-Cap/20876259,Atlanta Hawks NBA Kids Black White 59FIFTY Cap,20876259,$24.99,Black,"Made of 70% Acrylic, Woven, 30% Wool, Woven"
Chicago Cubs,http://shop.neweracap.com/style/MLB-2016-Youth-World-Series-Patch-Authentic-Collection-59FIFTY-Cap/20899239,Chicago Cubs MLB 2016 Youth World Series Patch Authentic Collection 59FIFTY Cap,20899239,$29.99,RoyalBlue,"Made of 100% Polyester, Woven"
Dallas Cowboys,http://shop.neweracap.com/Style/NFL-Sideline-Cap/20847034,Dallas Cowboys 2016 Official NFL Sideline 59FIFTY Cap,20847034,$27.99,Navy,"Made of 100% Polyester, Woven"
Oakland Raiders,http://shop.neweracap.com/Style/NFL-Sideline-Cap/20841699,Oakland Raiders 2016 Official NFL Sideline 59FIFTY Cap,20841699,$25.99,Black,"Made of 100% Polyester, Woven"
Seattle Seahawks,http://shop.neweracap.com/Style/NFL-Sideline-Cap/20841707,Seattle Seahawks 2016 Official NFL Sideline 59FIFTY Cap,20841707,$25.99,Navy,"Made of 100% Polyester, Woven"
New England Patriots,http://shop.neweracap.com/Style/NFL-Sideline-Cap/20841695,New England Patriots 2016 Official NFL Sideline 59FIFTY Cap,20841695,$25.99,Navy,"Made of 100% Polyester, Woven"
Denver Broncos,http://shop.neweracap.com/Style/NFL-Sideline-Cap/20841686,Denver Broncos 2016 Official NFL Sideline 59FIFTY Cap,20841686,$25.99,Orange,"Made of 100% Polyester, Woven"
Carolina Panthers,http://shop.neweracap.com/Style/NFL-Sideline-Cap/20841681,Carolina Panthers 2016 Official NFL Sideline 59FIFTY Cap,20841681,$25.99,LightBlue,"Made of 100% Polyester, Woven"
Pittsburgh Steelers,http://shop.neweracap.com/Style/NFL-Sideline-Cap/20841702,Pittsburgh Steelers 2016 Official NFL Sideline 59FIFTY Cap,20841702,$25.99,Black,"Made of 100% Polyester, Woven"
Kansas City Chiefs,http://shop.neweracap.com/Style/NFL-Sideline-Cap/20841692,Kansas City Chiefs 2016 Official NFL Sideline 59FIFTY Cap,20841692,$25.99,Red,"Made of 100% Polyester, Woven"
Arizona Cardinals,http://shop.neweracap.com/Style/NFL-Sideline-Cap/20841677,Arizona Cardinals 2016 Official NFL Sideline 59FIFTY Cap,20841677,$25.99,Maroon,"Made of 100% Polyester, Woven"
Los Angeles Rams,http://shop.neweracap.com/Style/NFL-Sideline-Cap/20841723,Los Angeles Rams 2016 Official NFL Sideline 59FIFTY Cap,20841723,$25.99,RoyalBlue,"Made of 100% Polyester, Woven"
Atlanta Falcons,http://shop.neweracap.com/Style/NFL-Sideline-Cap/20841713,Atlanta Falcons 2016 Official NFL Sideline 59FIFTY Cap,20841713,$25.99,Red,"Made of 100% Polyester, Woven"
San Francisco 49ers,http://shop.neweracap.com/Style/NFL-Sideline-Cap/20841706,San Francisco 49ers 2016 Official NFL Sideline 59FIFTY Cap,20841706,$25.99,Black,"Made of 100% Polyester, Woven"
San Francisco 49ers,http://shop.neweracap.com/Style/NFL-Sideline-Cap/20841705,San Francisco 49ers 2016 Official NFL Sideline 59FIFTY Cap,20841705,$25.99,Red,"Made of 100% Polyester, Woven"
San Francisco 49ers,http://shop.neweracap.com/Style/NFL-Sideline-Cap/20841704,San Francisco 49ers 2016 Official NFL Sideline 59FIFTY Cap,20841704,$25.99,Black,"Made of 100% Polyester, Woven"
Philadelphia Eagles,http://shop.neweracap.com/Style/NFL-Sideline-Cap/20841701,Philadelphia Eagles 2016 Official NFL Sideline 59FIFTY Cap,20841701,$25.99,Black,"Made of 100% Polyester, Woven"
Miami Dolphins,http://shop.neweracap.com/Style/NFL-Sideline-Cap/20841693,Miami Dolphins 2016 Official NFL Sideline 59FIFTY Cap,20841693,$25.99,Aqua,"Made of 100% Polyester, Woven"
Green Bay Packers,http://shop.neweracap.com/Style/NFL-Sideline-Cap/20841688,Green Bay Packers 2016 Official NFL Sideline 59FIFTY Cap,20841688,$25.99,Green,"Made of 100% Polyester, Woven"
Chicago Bears,http://shop.neweracap.com/Style/NFL-Sideline-Cap/20841683,Chicago Bears 2016 Official NFL Sideline 59FIFTY Cap,20841683,$25.99,Navy,"Made of 100% Polyester, Woven"
Buffalo Bills,http://shop.neweracap.com/Style/NFL-Sideline-Cap/20841680,Buffalo Bills 2016 Official NFL Sideline 59FIFTY Cap,20841680,$25.99,RoyalBlue,"Made of 100% Polyester, Woven"
Baltimore Ravens,http://shop.neweracap.com/Style/NFL-Sideline-Cap/20841679,Baltimore Ravens 2016 Official NFL Sideline 59FIFTY Cap,20841679,$25.99,Black,"Made of 100% Polyester, Woven"
Washington Redskins,http://shop.neweracap.com/Style/NFL-Sideline-Cap/20841725,Washington Redskins 2016 Official NFL Sideline 59FIFTY Cap,20841725,$25.99,Gold,"Made of 100% Polyester, Woven"
Tampa Bay Buccaneers,http://shop.neweracap.com/Style/NFL-Sideline-Cap/20841724,Tampa Bay Buccaneers 2016 Official NFL Sideline 59FIFTY Cap,20841724,$25.99,Orange,"Made of 100% Polyester, Woven"
Pittsburgh Steelers,http://shop.neweracap.com/Style/NFL-Sideline-Cap/20841722,Pittsburgh Steelers 2016 Official NFL Sideline 59FIFTY Cap,20841722,$25.99,Yellow,"Made of 100% Polyester, Woven"
New York Titans,http://shop.neweracap.com/Style/NFL-Sideline-Cap/20841721,New York Titans 2016 Official NFL Sideline 59FIFTY Cap,20841721,$25.99,Navy,"Made of 100% Polyester, Woven"
New England Patriots,http://shop.neweracap.com/Style/NFL-Sideline-Cap/20841720,New England Patriots 2016 Official NFL Sideline 59FIFTY Cap,20841720,$25.99,Navy,"Made of 100% Polyester, Woven"
Miami Dolphins,http://shop.neweracap.com/Style/NFL-Sideline-Cap/20841719,Miami Dolphins 2016 Official NFL Sideline 59FIFTY Cap,20841719,$25.99,Aqua,"Made of 100% Polyester, Woven"
Indianapolis Colts,http://shop.neweracap.com/Style/NFL-Sideline-Cap/20841718,Indianapolis Colts 2016 Official NFL Sideline 59FIFTY Cap,20841718,$25.99,RoyalBlue,"Made of 100% Polyester, Woven"
Green Bay Packers,http://shop.neweracap.com/Style/NFL-Sideline-Cap/20841717,Green Bay Packers 2016 Official NFL Sideline 59FIFTY Cap,20841717,$25.99,Navy,"Made of 100% Polyester, Woven"
Detroit Lions,http://shop.neweracap.com/Style/NFL-Sideline-Cap/20841716,Detroit Lions 2016 Official NFL Sideline 59FIFTY Cap,20841716,$25.99,LightBlue,"Made of 100% Polyester, Woven"
Chicago Bears,http://shop.neweracap.com/Style/NFL-Sideline-Cap/20841715,Chicago Bears 2016 Official NFL Sideline 59FIFTY Cap,20841715,$25.99,Navy,"Made of 100% Polyester, Woven"
Buffalo Bills,http://shop.neweracap.com/Style/NFL-Sideline-Cap/20841714,Buffalo Bills 2016 Official NFL Sideline 59FIFTY Cap,20841714,$25.99,RoyalBlue,"Made of 100% Polyester, Woven"
Washington Redskins,http://shop.neweracap.com/Style/NFL-Sideline-Cap/20841711,Washington Redskins 2016 Official NFL Sideline 59FIFTY Cap,20841711,$25.99,Maroon,"Made of 100% Polyester, Woven"
Tennessee Titans,http://shop.neweracap.com/Style/NFL-Sideline-Cap/20841710,Tennessee Titans 2016 Official NFL Sideline 59FIFTY Cap,20841710,$25.99,Navy,"Made of 100% Polyester, Woven"
Tampa Bay Buccaneers,http://shop.neweracap.com/Style/NFL-Sideline-Cap/20841709,Tampa Bay Buccaneers 2016 Official NFL Sideline 59FIFTY Cap,20841709,$25.99,Red,"Made of 100% Polyester, Woven"
Los Angeles Rams,http://shop.neweracap.com/Style/NFL-Sideline-Cap/20841708,Los Angeles Rams 2016 Official NFL Sideline 59FIFTY Cap,20841708,$25.99,Navy,"Made of 100% Polyester, Woven"
San Diego Chargers,http://shop.neweracap.com/Style/NFL-Sideline-Cap/20841703,San Diego Chargers 2016 Official NFL Sideline 59FIFTY Cap,20841703,$25.99,Navy,"Made of 100% Polyester, Woven"
Philadelphia Eagles,http://shop.neweracap.com/Style/NFL-Sideline-Cap/20841700,Philadelphia Eagles 2016 Official NFL Sideline 59FIFTY Cap,20841700,$25.99,Green,"Made of 100% Polyester, Woven"
New York Jets,http://shop.neweracap.com/Style/NFL-Sideline-Cap/20841698,New York Jets 2016 Official NFL Sideline 59FIFTY Cap,20841698,$25.99,Green,"Made of 100% Polyester, Woven"
New York Giants,http://shop.neweracap.com/Style/NFL-Sideline-Cap/20841697,New York Giants 2016 Official NFL Sideline 59FIFTY Cap,20841697,$25.99,RoyalBlue,"Made of 100% Polyester, Woven"
New Orleans Saints,http://shop.neweracap.com/Style/NFL-Sideline-Cap/20841696,New Orleans Saints 2016 Official NFL Sideline 59FIFTY Cap,20841696,$25.99,Black,"Made of 100% Polyester, Woven"
Minnesota Vikings,http://shop.neweracap.com/Style/NFL-Sideline-Cap/20841694,Minnesota Vikings 2016 Official NFL Sideline 59FIFTY Cap,20841694,$25.99,Purple,"Made of 100% Polyester, Woven"
Jacksonville Jaguars,http://shop.neweracap.com/Style/NFL-Sideline-Cap/20841691,Jacksonville Jaguars 2016 Official NFL Sideline 59FIFTY Cap,20841691,$25.99,Black,"Made of 100% Polyester, Woven"
Indianapolis Colts,http://shop.neweracap.com/Style/NFL-Sideline-Cap/20841690,Indianapolis Colts 2016 Official NFL Sideline 59FIFTY Cap,20841690,$25.99,RoyalBlue,"Made of 100% Polyester, Woven"
Houston Texans,http://shop.neweracap.com/Style/NFL-Sideline-Cap/20841689,Houston Texans 2016 Official NFL Sideline 59FIFTY Cap,20841689,$25.99,Navy,"Made of 100% Polyester, Woven"
Detroit Lions,http://shop.neweracap.com/Style/NFL-Sideline-Cap/20841687,Detroit Lions 2016 Official NFL Sideline 59FIFTY Cap,20841687,$25.99,LightBlue,"Made of 100% Polyester, Woven"
Cleveland Browns,http://shop.neweracap.com/Style/NFL-Sideline-Cap/20841685,Cleveland Browns 2016 Official NFL Sideline 59FIFTY Cap,20841685,$25.99,Brown,"Made of 100% Polyester, Woven"
Cincinnati Bengals,http://shop.neweracap.com/Style/NFL-Sideline-Cap/20841684,Cincinnati Bengals 2016 Official NFL Sideline 59FIFTY Cap,20841684,$25.99,Black,"Made of 100% Polyester, Woven"
Chicago Bears,http://shop.neweracap.com/Style/NFL-Sideline-Cap/20841682,Chicago Bears 2016 Official NFL Sideline 59FIFTY Cap,20841682,$25.99,Navy,"Made of 100% Polyester, Woven"
Atlanta Falcons,http://shop.neweracap.com/Style/NFL-Sideline-Cap/20841678,Atlanta Falcons 2016 Official NFL Sideline 59FIFTY Cap,20841678,$25.99,Black,"Made of 100% Polyester, Woven"
David Ortiz,http://shop.neweracap.com/style/MLB-Youth-Ortiz-On-Field-AC-Patch-59FIFTY-Cap/20854568,"Boston Red Sox ""David Ortiz"" MLB Youth Ortiz On-Field AC Patch 59FIFTY Cap",20854568,$27.99,Navy,"Made of 100% Polyester, Woven"
David Ortiz,http://shop.neweracap.com/style/MLB-Youth-Ortiz-On-Field-AC-Patch-59FIFTY-Cap/20854569,"Boston Red Sox ""David Ortiz"" MLB Youth Ortiz On-Field AC Patch 59FIFTY Cap",20854569,$27.99,Navy,"Made of 100% Wool, Woven"
New York Giants,http://shop.neweracap.com/style/2016-NFL-Kids-Draft-59FIFTY-Cap/20826759,New York Giants 2016 NFL Kids Draft 59FIFTY Cap,20826759,$29.99,RoyalBlue/Heather Gray,"Made of 100% Polyester, Woven"
Miami Dolphins,http://shop.neweracap.com/style/2016-NFL-Kids-Draft-59FIFTY-Cap/20826755,Miami Dolphins 2016 NFL Kids Draft 59FIFTY Cap,20826755,$29.99,Aqua/Heather Gray,"Made of 100% Polyester, Woven"
Cleveland Browns,http://shop.neweracap.com/style/2016-NFL-Kids-Draft-59FIFTY-Cap/20826747,Cleveland Browns 2016 NFL Kids Draft 59FIFTY Cap,20826747,$29.99,Brown/Heather Gray,"Made of 98% Polyester, Woven, 2% Spandex, Woven"
Atlanta Falcons,http://shop.neweracap.com/style/2016-NFL-Kids-Draft-59FIFTY-Cap/20826741,Atlanta Falcons 2016 NFL Kids Draft 59FIFTY Cap,20826741,$29.99,Black/Heather Gray,"Made of 96% Polyester, Woven, 4% Spandex, Woven"
Washington Redskins,http://shop.neweracap.com/style/2016-NFL-Kids-Draft-59FIFTY-Cap/20826770,Washington Redskins 2016 NFL Kids Draft 59FIFTY Cap,20826770,$29.99,Maroon/Heather Gray,"Made of 98% Polyester, Woven, 2% Spandex, Woven"
Tennessee Titans,http://shop.neweracap.com/style/2016-NFL-Kids-Draft-59FIFTY-Cap/20826769,Tennessee Titans 2016 NFL Kids Draft 59FIFTY Cap,20826769,$29.99,Navy/Heather Gray,"Made of 98% Polyester, Woven, 2% Spandex, Woven"
Tampa Bay Buccaneers,http://shop.neweracap.com/style/2016-NFL-Kids-Draft-59FIFTY-Cap/20826768,Tampa Bay Buccaneers 2016 NFL Kids Draft 59FIFTY Cap,20826768,$29.99,Red/Heather Gray,"Made of 98% Polyester, Woven, 2% Spandex, Woven"
Los Angeles Rams,http://shop.neweracap.com/style/2016-NFL-Kids-Draft-59FIFTY-Cap/20826767,Los Angeles Rams 2016 NFL Kids Draft 59FIFTY Cap,20826767,$29.99,Navy/Heather Gray,"Made of 100% Polyester, Woven"
San Francisco 49ers,http://shop.neweracap.com/style/2016-NFL-Kids-Draft-59FIFTY-Cap/20826765,San Francisco 49ers 2016 NFL Kids Draft 59FIFTY Cap,20826765,$29.99,Red/Heather Gray,"Made of 100% Polyester, Woven"
San Diego Chargers,http://shop.neweracap.com/style/2016-NFL-Kids-Draft-59FIFTY-Cap/20826764,San Diego Chargers 2016 NFL Kids Draft 59FIFTY Cap,20826764,$29.99,Navy/Heather Gray,"Made of 96% Polyester, Woven, 4% Spandex, Woven"
Pittsburgh Steelers,http://shop.neweracap.com/style/2016-NFL-Kids-Draft-59FIFTY-Cap/20826763,Pittsburgh Steelers 2016 NFL Kids Draft 59FIFTY Cap,20826763,$29.99,Black/Heather Gray,"Made of 100% Polyester, Woven"
Philadelphia Eagles,http://shop.neweracap.com/style/2016-NFL-Kids-Draft-59FIFTY-Cap/20826762,Philadelphia Eagles 2016 NFL Kids Draft 59FIFTY Cap,20826762,$29.99,Green/Heather Gray,"Made of 98% Polyester, Woven, 2% Spandex, Woven"
New York Jets,http://shop.neweracap.com/style/2016-NFL-Kids-Draft-59FIFTY-Cap/20826760,New York Jets 2016 NFL Kids Draft 59FIFTY Cap,20826760,$29.99,Green/Heather Gray,"Made of 98% Polyester, Woven, 2% Spandex, Woven"
New Orleans Saints,http://shop.neweracap.com/style/2016-NFL-Kids-Draft-59FIFTY-Cap/20826758,New Orleans Saints 2016 NFL Kids Draft 59FIFTY Cap,20826758,$29.99,Black/Heather Gray,"Made of 98% Polyester, Woven, 2% Spandex, Woven"
New England Patriots,http://shop.neweracap.com/style/2016-NFL-Kids-Draft-59FIFTY-Cap/20826757,New England Patriots 2016 NFL Kids Draft 59FIFTY Cap,20826757,$29.99,Navy/Heather Gray,"Made of 98% Polyester, Woven, 2% Spandex, Woven"
Minnesota Vikings,http://shop.neweracap.com/style/2016-NFL-Kids-Draft-59FIFTY-Cap/20826756,Minnesota Vikings 2016 NFL Kids Draft 59FIFTY Cap,20826756,$29.99,Purple/Heather Gray,"Made of 98% Polyester, Woven, 2% Spandex, Woven"
Kansas City Chiefs,http://shop.neweracap.com/style/2016-NFL-Kids-Draft-59FIFTY-Cap/20826754,Kansas City Chiefs 2016 NFL Kids Draft 59FIFTY Cap,20826754,$29.99,Red/Heather Gray,"Made of 100% Polyester, Woven"
Jacksonville Jaguars,http://shop.neweracap.com/style/2016-NFL-Kids-Draft-59FIFTY-Cap/20826753,Jacksonville Jaguars 2016 NFL Kids Draft 59FIFTY Cap,20826753,$29.99,Black/Heather Gray,"Made of 100% Polyester, Woven"
Indianapolis Colts,http://shop.neweracap.com/style/2016-NFL-Kids-Draft-59FIFTY-Cap/20826752,Indianapolis Colts 2016 NFL Kids Draft 59FIFTY Cap,20826752,$29.99,RoyalBlue/Heather Gray,"Made of 98% Polyester, Woven, 2% Spandex, Woven"
Houston Texans,http://shop.neweracap.com/style/2016-NFL-Kids-Draft-59FIFTY-Cap/20826751,Houston Texans 2016 NFL Kids Draft 59FIFTY Cap,20826751,$29.99,Navy/Heather Gray,"Made of 98% Polyester, Woven, 2% Spandex, Woven"
Green Bay Packers,http://shop.neweracap.com/style/2016-NFL-Kids-Draft-59FIFTY-Cap/20826750,Green Bay Packers 2016 NFL Kids Draft 59FIFTY Cap,20826750,$29.99,Green/Heather Gray,"Made of 98% Polyester, Woven, 2% Spandex, Woven"
Detroit Lions,http://shop.neweracap.com/style/2016-NFL-Kids-Draft-59FIFTY-Cap/20826749,Detroit Lions 2016 NFL Kids Draft 59FIFTY Cap,20826749,$29.99,LightBlue/Heather Gray,"Made of 98% Polyester, Woven, 2% Spandex, Woven"
Cincinnati Bengals,http://shop.neweracap.com/style/2016-NFL-Kids-Draft-59FIFTY-Cap/20826746,Cincinnati Bengals 2016 NFL Kids Draft 59FIFTY Cap,20826746,$29.99,Black/Heather Gray,"Made of 98% Polyester, Woven, 2% Spandex, Woven"
Chicago Bears,http://shop.neweracap.com/style/2016-NFL-Kids-Draft-59FIFTY-Cap/20826745,Chicago Bears 2016 NFL Kids Draft 59FIFTY Cap,20826745,$29.99,Navy/Heather Gray,"Made of 100% Polyester, Woven"
Buffalo Bills,http://shop.neweracap.com/style/2016-NFL-Kids-Draft-59FIFTY-Cap/20826743,Buffalo Bills 2016 NFL Kids Draft 59FIFTY Cap,20826743,$29.99,RoyalBlue/Heather Gray,"Made of 98% Polyester, Woven, 2% Spandex, Woven"
Baltimore Ravens,http://shop.neweracap.com/style/2016-NFL-Kids-Draft-59FIFTY-Cap/20826742,Baltimore Ravens 2016 NFL Kids Draft 59FIFTY Cap,20826742,$29.99,Black/Heather Gray,"Made of 98% Polyester, Woven, 2% Spandex, Woven"
New England Patriots,http://shop.neweracap.com/style/NFL-2012-Kids-Classics-59FIFTY-Cap/20395231,New England Patriots NFL 2012 Kids Classics 59FIFTY Cap,20395231,$24.99,Navy,"Made of 100% Polyester, Woven"
New York Yankees,http://shop.neweracap.com/Style/59Fifty-MLB-Authentic-Collection/20055145,New York Yankees MLB Authentic Collection 59FIFTY Cap,20055145,$25.99,Navy,"Made of 100% Polyester, Woven"
Chicago Cubs,http://shop.neweracap.com/Style/59Fifty-MLB-Authentic-Collection/20249775,Chicago Cubs MLB Authentic Collection 59FIFTY Cap,20249775,$19.99,RoyalBlue,"Made of 100% Polyester, Woven"
Atlanta Braves,http://shop.neweracap.com/style/2016-MLB-Kids-AC-Stars-Stripes-59FIFTY-Cap/20841479,Atlanta Braves 2016 MLB Kids AC Stars & Stripes 59FIFTY Cap,20841479,$27.99,Navy/White,"Made of 100% Polyester, Woven"
Toronto Blue Jays,http://shop.neweracap.com/style/MLB-Kids-2016-Diamond-Era-59FIFTY-Cap/20817238,Toronto Blue Jays MLB Kids 2016 Diamond Era 59FIFTY Cap,20817238,$25.99,Navy,"Made of 100% Polyester, Woven"
Cleveland Indians,http://shop.neweracap.com/style/2016-MLB-Youth-World-Series-59Fifty-AC-Patch-Cap/20899250,Cleveland Indians 2016 MLB Youth World Series 59Fifty AC Patch Cap,20899250,$29.99,Navy/Red,"Made of 100% Polyester, Woven"
Chicago Cubs,http://shop.neweracap.com/style/Youth-Gray-Black-and-White-Cap/20398530,Chicago Cubs MLB Youth Gray Black and White 59FIFTY,20398530,$24.99,Gray,"Made of 100% Polyester, Woven"
Toronto Blue Jays,http://shop.neweracap.com/Style/59Fifty-MLB-Authentic-Collection/20388081,Toronto Blue Jays MLB Authentic Collection 59FIFTY Cap,20388081,$19.99,RoyalBlue,"Made of 100% Polyester, Woven"
Chicago Cubs,http://shop.neweracap.com/Style/59Fifty-MLB-Authentic-Collection/20058207,Chicago Cubs MLB Authentic Collection 59FIFTY Cap,20058207,$25.99,RoyalBlue,"Made of 100% Polyester, Woven"
San Diego Padres,http://shop.neweracap.com/Style/59Fifty-MLB-Authentic-Collection/20830465,San Diego Padres MLB Authentic Collection 59FIFTY Cap,20830465,$25.99,Brown/Yellow,"Made of 100% Polyester, Woven"
Boston Red Sox,http://shop.neweracap.com/style/MLB-Kids-2016-Diamond-Era-59FIFTY-Cap/20817197,Boston Red Sox MLB Kids 2016 Diamond Era 59FIFTY Cap,20817197,$25.99,Red/Navy,"Made of 100% Polyester, Woven"
Toronto Blue Jays,http://shop.neweracap.com/Style/59Fifty-MLB-Black-and-White-Fashion/20593166,Toronto Blue Jays MLB Black and White Fashion 59FIFTY Cap,20593166,$24.99,Black/White,"Made of 100% Wool, Woven"
New York Yankees,http://shop.neweracap.com/style/Youth-Gray-Black-and-White-Cap/20398562,New York Yankees MLB Youth Gray Black and White 59FIFTY,20398562,$24.99,Gray,"Made of 100% Polyester, Woven"
Toronto Blue Jays,http://shop.neweracap.com/Style/59Fifty-MLB-Authentic-Collection/20383499,Toronto Blue Jays MLB Authentic Collection 59FIFTY Cap,20383499,$25.99,RoyalBlue,"Made of 100% Polyester, Woven"
Boston Red Sox,http://shop.neweracap.com/Style/59Fifty-MLB-Authentic-Collection/20249774,Boston Red Sox MLB Authentic Collection 59FIFTY Cap,20249774,$19.99,Navy,"Made of 100% Polyester, Knit"
Dallas Cowboys,http://shop.neweracap.com/style/NFL-2012-Kids-Classics-59FIFTY-Cap/20396235,Dallas Cowboys NFL 2012 Kids Classics 59FIFTY Cap,20396235,$24.99,Navy,"Made of 100% Polyester, Woven"
Atlanta Falcons,http://shop.neweracap.com/style/NFL-2012-Kids-Classics-59FIFTY-Cap/20395225,Atlanta Falcons NFL 2012 Kids Classics 59FIFTY Cap,20395225,$24.99,Red/Black,"Made of 100% Polyester, Woven"
Los Angeles Angels,http://shop.neweracap.com/Style/59Fifty-MLB-Black-and-White-Fashion/20105715,Los Angeles Angels MLB Black and White Fashion 59FIFTY Cap,20105715,$24.99,Black,"Made of 100% Wool, Woven Fleece"
Los Angeles Dodgers,http://shop.neweracap.com/Style/59Fifty-MLB-Authentic-Collection/20055141,Los Angeles Dodgers MLB Authentic Collection 59FIFTY Cap,20055141,$25.99,RoyalBlue,"Made of 97% Acrylic, Woven, 3% Spandex, Woven"
Detroit Tigers,http://shop.neweracap.com/Style/59Fifty-MLB-Authentic-Collection/20055136,Detroit Tigers MLB Authentic Collection 59FIFTY Cap,20055136,$25.99,Navy,"Made of 100% Polyester, Woven"
Los Angeles Dodgers,http://shop.neweracap.com/style/2016-MLB-Kids-AC-Stars-Stripes-59FIFTY-Cap/20841490,Los Angeles Dodgers 2016 MLB Kids AC Stars & Stripes 59FIFTY Cap,20841490,$27.99,Navy/White,"Made of 100% Polyester, Woven"
Cleveland Indians,http://shop.neweracap.com/Style/59Fifty-MLB-Authentic-Collection/20835763,Cleveland Indians MLB Authentic Collection 59FIFTY Cap,20835763,$19.99,Navy,"Made of 100% Polyester, Woven"
New York Mets,http://shop.neweracap.com/Style/59Fifty-MLB-Authentic-Collection/20830472,New York Mets MLB Authentic Collection 59FIFTY Cap,20830472,$25.99,RoyalBlue,"Made of 100% Polyester, Woven"
Arizona Diamondbacks,http://shop.neweracap.com/Style/59Fifty-MLB-Authentic-Collection/20830470,Arizona Diamondbacks MLB Authentic Collection 59FIFTY Cap,20830470,$25.99,Black/DarkRed,"Made of 100% Polyester, Woven"
San Francisco Giants,http://shop.neweracap.com/style/MLB-Kids-2016-Diamond-Era-59FIFTY-Cap/20817232,San Francisco Giants MLB Kids 2016 Diamond Era 59FIFTY Cap,20817232,$25.99,Black,"Made of 100% Polyester, Woven"
New York Yankees,http://shop.neweracap.com/style/MLB-Kids-2016-Diamond-Era-59FIFTY-Cap/20817225,New York Yankees MLB Kids 2016 Diamond Era 59FIFTY Cap,20817225,$25.99,White/Navy,"Made of 100% Polyester, Woven"
Miami Marlins,http://shop.neweracap.com/style/MLB-Kids-2016-Diamond-Era-59FIFTY-Cap/20817216,Miami Marlins MLB Kids 2016 Diamond Era 59FIFTY Cap,20817216,$25.99,Black,"Made of 100% Polyester, Woven"
Arizona Diamondbacks,http://shop.neweracap.com/style/MLB-Kids-2016-Diamond-Era-59FIFTY-Cap/20817194,Arizona Diamondbacks MLB Kids 2016 Diamond Era 59FIFTY Cap,20817194,$25.99,Brick,"Made of 100% Polyester, Woven"
Chicago Bears,http://shop.neweracap.com/style/NFL-2012-Kids-Classics-59FIFTY-Cap/20530676,Chicago Bears NFL 2012 Kids Classics 59FIFTY Cap,20530676,$24.99,Navy,"Made of 100% Polyester, Woven"
Toronto Blue Jays,http://shop.neweracap.com/Style/59Fifty-MLB-Authentic-Collection/20496799,Toronto Blue Jays MLB Authentic Collection 59FIFTY Cap,20496799,$25.99,Light Royal,"Made of 100% Polyester, Woven"
Boston Red Sox,http://shop.neweracap.com/style/Youth-Gray-Black-and-White-Cap/20398525,Boston Red Sox MLB Youth Gray Black and White 59FIFTY,20398525,$24.99,Gray,"Made of 100% Polyester, Woven"
Atlanta Braves,http://shop.neweracap.com/style/Youth-Gray-Black-and-White-Cap/20398496,Atlanta Braves MLB Youth Gray Black and White 59FIFTY,20398496,$24.99,Gray,"Made of 100% Polyester, Woven"
Washington Redskins,http://shop.neweracap.com/style/NFL-2012-Kids-Classics-59FIFTY-Cap/20395236,Washington Redskins NFL 2012 Kids Classics 59FIFTY Cap,20395236,$24.99,Gold/Maroon,"Made of 100% Polyester, Woven"
Los Angeles Rams,http://shop.neweracap.com/style/NFL-2012-Kids-Classics-59FIFTY-Cap/20395234,Los Angeles Rams NFL 2012 Kids Classics 59FIFTY Cap,20395234,$24.99,RoyalBlue/Yellow,"Made of 100% Polyester, Woven"
Pittsburgh Steelers,http://shop.neweracap.com/style/NFL-2012-Kids-Classics-59FIFTY-Cap/20395233,Pittsburgh Steelers NFL 2012 Kids Classics 59FIFTY Cap,20395233,$24.99,Yellow/Black,"Made of 100% Polyester, Woven"
St. Louis Cardinals,http://shop.neweracap.com/Style/59Fifty-MLB-Authentic-Collection/20249796,St. Louis Cardinals MLB Authentic Collection 59FIFTY Cap,20249796,$19.99,Red,"Made of 100% Polyester, Woven"
New York Yankees,http://shop.neweracap.com/Style/59Fifty-MLB-Authentic-Collection/20249789,New York Yankees MLB Authentic Collection 59FIFTY Cap,20249789,$19.99,Navy,"Made of 100% Polyester, Woven"
Los Angeles Dodgers,http://shop.neweracap.com/Style/59Fifty-MLB-Authentic-Collection/20249785,Los Angeles Dodgers MLB Authentic Collection 59FIFTY Cap,20249785,$19.99,RoyalBlue,"Made of 100% Polyester, Woven"
Cleveland Indians,http://shop.neweracap.com/Style/59Fifty-MLB-Authentic-Collection/20110596,Cleveland Indians MLB Authentic Collection 59FIFTY Cap,20110596,$25.99,Navy,"Made of 100% Polyester, Woven"
New York Yankees,http://shop.neweracap.com/Style/59Fifty-MLB-Black-and-White-Fashion/20079640,New York Yankees MLB Black and White Fashion 59FIFTY Cap,20079640,$24.99,Black,"Made of 100% Wool, Woven Fleece"
Washington Nationals,http://shop.neweracap.com/Style/59Fifty-MLB-Authentic-Collection/20055154,Washington Nationals MLB Authentic Collection 59FIFTY Cap,20055154,$25.99,Red,"Made of 100% Polyester, Woven"
Oakland Athletics,http://shop.neweracap.com/Style/59Fifty-MLB-Authentic-Collection/20055146,Oakland Athletics MLB Authentic Collection 59FIFTY Cap,20055146,$25.99,Green/Yellow,"Made of 100% Polyester, Woven"
Atlanta Braves,http://shop.neweracap.com/Style/59Fifty-MLB-Authentic-Collection/20055130,Atlanta Braves MLB Authentic Collection 59FIFTY Cap,20055130,$25.99,Navy/Red,"Made of 100% Polyester, Woven"
Tampa Bay Rays,http://shop.neweracap.com/style/2016-MLB-Kids-AC-Stars-Stripes-59FIFTY-Cap/20841503,Tampa Bay Rays 2016 MLB Kids AC Stars & Stripes 59FIFTY Cap,20841503,$27.99,Navy/White,"Made of 100% Polyester, Woven"
Houston Astros,http://shop.neweracap.com/style/2016-MLB-Kids-AC-Stars-Stripes-59FIFTY-Cap/20841488,Houston Astros 2016 MLB Kids AC Stars & Stripes 59FIFTY Cap,20841488,$27.99,Red/White,"Made of 100% Polyester, Woven"
Cleveland Indians,http://shop.neweracap.com/style/2016-MLB-Kids-AC-Stars-Stripes-59FIFTY-Cap/20841485,Cleveland Indians 2016 MLB Kids AC Stars & Stripes 59FIFTY Cap,20841485,$27.99,Red/White,"Made of 100% Polyester, Woven"
Boston Red Sox,http://shop.neweracap.com/style/2016-MLB-Kids-AC-Stars-Stripes-59FIFTY-Cap/20841481,Boston Red Sox 2016 MLB Kids AC Stars & Stripes 59FIFTY Cap,20841481,$27.99,Red/White,"Made of 100% Polyester, Woven"
Baltimore Orioles,http://shop.neweracap.com/style/2016-MLB-Kids-AC-Stars-Stripes-59FIFTY-Cap/20841480,Baltimore Orioles 2016 MLB Kids AC Stars & Stripes 59FIFTY Cap,20841480,$27.99,Red/White,"Made of 100% Polyester, Woven"
Pittsburgh Pirates,http://shop.neweracap.com/Style/59Fifty-MLB-Authentic-Collection/20830473,Pittsburgh Pirates MLB Authentic Collection 59FIFTY Cap,20830473,$25.99,Black/Gold,"Made of 100% Polyester, Woven"
Washington Nationals,http://shop.neweracap.com/style/MLB-Kids-2016-Diamond-Era-59FIFTY-Cap/20817239,Washington Nationals MLB Kids 2016 Diamond Era 59FIFTY Cap,20817239,$25.99,White/Red,"Made of 100% Polyester, Woven"
Texas Rangers,http://shop.neweracap.com/style/MLB-Kids-2016-Diamond-Era-59FIFTY-Cap/20817237,Texas Rangers MLB Kids 2016 Diamond Era 59FIFTY Cap,20817237,$25.99,Navy/Red,"Made of 100% Polyester, Woven"
St. Louis Cardinals,http://shop.neweracap.com/style/MLB-Kids-2016-Diamond-Era-59FIFTY-Cap/20817234,St. Louis Cardinals MLB Kids 2016 Diamond Era 59FIFTY Cap,20817234,$25.99,Red,"Made of 100% Polyester, Woven"
Pittsburgh Pirates,http://shop.neweracap.com/style/MLB-Kids-2016-Diamond-Era-59FIFTY-Cap/20817230,Pittsburgh Pirates MLB Kids 2016 Diamond Era 59FIFTY Cap,20817230,$25.99,Black,"Made of 100% Polyester, Woven"
Philadelphia Phillies,http://shop.neweracap.com/style/MLB-Kids-2016-Diamond-Era-59FIFTY-Cap/20817228,Philadelphia Phillies MLB Kids 2016 Diamond Era 59FIFTY Cap,20817228,$25.99,Red/Navy,"Made of 100% Polyester, Woven"
Oakland Athletics,http://shop.neweracap.com/style/MLB-Kids-2016-Diamond-Era-59FIFTY-Cap/20817227,Oakland Athletics MLB Kids 2016 Diamond Era 59FIFTY Cap,20817227,$25.99,Green,"Made of 100% Polyester, Woven"
Minnesota Twins,http://shop.neweracap.com/style/MLB-Kids-2016-Diamond-Era-59FIFTY-Cap/20817221,Minnesota Twins MLB Kids 2016 Diamond Era 59FIFTY Cap,20817221,$25.99,White/Red/Navy,"Made of 100% Polyester, Woven"
Los Angeles Dodgers,http://shop.neweracap.com/style/MLB-Kids-2016-Diamond-Era-59FIFTY-Cap/20817215,Los Angeles Dodgers MLB Kids 2016 Diamond Era 59FIFTY Cap,20817215,$25.99,Navy/Gray,"Made of 100% Polyester, Woven"
Atlanta Braves,http://shop.neweracap.com/style/MLB-Kids-2016-Diamond-Era-59FIFTY-Cap/20817195,Atlanta Braves MLB Kids 2016 Diamond Era 59FIFTY Cap,20817195,$25.99,Navy,"Made of 100% Polyester, Woven"
Los Angeles Angels,http://shop.neweracap.com/style/MLB-Kids-2016-Diamond-Era-59FIFTY-Cap/20817193,Los Angeles Angels MLB Kids 2016 Diamond Era 59FIFTY Cap,20817193,$25.99,Red/Navy,"Made of 100% Polyester, Woven"
Cleveland Indians,http://shop.neweracap.com/Style/59Fifty-MLB-Black-and-White-Fashion/20728293,Cleveland Indians MLB Black and White Fashion 59FIFTY Cap,20728293,$24.99,Black/White,"Made of 100% Wool, Woven"
Cleveland Indians,http://shop.neweracap.com/Style/59Fifty-MLB-Black-on-Black-Fashion/20728277,Cleveland Indians MLB Black on Black Fashion 59FIFTY Cap,20728277,$24.99,Black,"Made of 100% Wool, Woven"
New York Mets,http://shop.neweracap.com/Style/59Fifty-MLB-Authentic-Collection/20603331,New York Mets MLB Authentic Collection 59FIFTY Cap,20603331,$25.99,RoyalBlue/Orange,"Made of 100% Polyester, Woven"
Oakland Athletics,http://shop.neweracap.com/Style/59Fifty-MLB-Authentic-Collection/20587955,Oakland Athletics MLB Authentic Collection 59FIFTY Cap,20587955,$25.99,Green,"Made of 100% Polyester, Woven"
Dallas Cowboys,http://shop.neweracap.com/style/NFL-Infant-My-First-OnField-59FIFTY-Cap/20566209,Dallas Cowboys NFL Infant My First OnField 59FIFTY Cap,20566209,$19.99,White/Navy,"Made of 100% Polyester, Woven"
Texas Rangers,http://shop.neweracap.com/style/Youth-Gray-Black-and-White-Cap/20398571,Texas Rangers MLB Youth Gray Black and White 59FIFTY,20398571,$24.99,Gray,"Made of 100% Polyester, Woven"
Pittsburgh Pirates,http://shop.neweracap.com/style/Youth-Gray-Black-and-White-Cap/20398565,Pittsburgh Pirates MLB Youth Gray Black and White 59FIFTY,20398565,$24.99,Gray,"Made of 100% Polyester, Woven"
Houston Astros,http://shop.neweracap.com/style/Youth-Gray-Black-and-White-Cap/20398550,Houston Astros MLB Youth Gray Black and White 59FIFTY,20398550,$24.99,Gray,"Made of 100% Polyester, Woven"
Chicago White Sox,http://shop.neweracap.com/style/Youth-Gray-Black-and-White-Cap/20398538,Chicago White Sox MLB Youth Gray Black and White 59FIFTY,20398538,$24.99,Gray,"Made of 100% Polyester, Woven"
Baltimore Orioles,http://shop.neweracap.com/style/Youth-Gray-Black-and-White-Cap/20398520,Baltimore Orioles MLB Youth Gray Black and White 59FIFTY,20398520,$24.99,Gray,"Made of 100% Polyester, Woven"
Tampa Bay Buccaneers,http://shop.neweracap.com/style/NFL-2012-Kids-Classics-59FIFTY-Cap/20395235,Tampa Bay Buccaneers NFL 2012 Kids Classics 59FIFTY Cap,20395235,$24.99,Orange,"Made of 100% Polyester, Woven"
Indianapolis Colts,http://shop.neweracap.com/style/NFL-2012-Kids-Classics-59FIFTY-Cap/20395230,Indianapolis Colts NFL 2012 Kids Classics 59FIFTY Cap,20395230,$24.99,Gray/Blue,"Made of 100% Polyester, Woven"
Detroit Lions,http://shop.neweracap.com/style/NFL-2012-Kids-Classics-59FIFTY-Cap/20395228,Detroit Lions NFL 2012 Kids Classics 59FIFTY Cap,20395228,$24.99,Blue,"Made of 100% Polyester, Woven"
Miami Marlins,http://shop.neweracap.com/Style/59Fifty-MLB-Authentic-Collection/20388080,Miami Marlins MLB Authentic Collection 59FIFTY Cap,20388080,$19.99,Black,"Made of 100% Polyester, Woven"
Miami Marlins,http://shop.neweracap.com/Style/59Fifty-MLB-Authentic-Collection/20383495,Miami Marlins MLB Authentic Collection 59FIFTY Cap,20383495,$25.99,Orange,"Made of 100% Polyester, Woven"
Seattle Mariners,http://shop.neweracap.com/Style/59Fifty-MLB-Authentic-Collection/20249795,Seattle Mariners MLB Authentic Collection 59FIFTY Cap,20249795,$19.99,Navy,"Made of 100% Polyester, Knit"
San Diego Padres,http://shop.neweracap.com/Style/59Fifty-MLB-Authentic-Collection/20249793,San Diego Padres MLB Authentic Collection 59FIFTY Cap,20249793,$19.99,Navy,"Made of 100% Cotton, Knit"
Oakland Athletics,http://shop.neweracap.com/Style/59Fifty-MLB-Authentic-Collection/20249790,Oakland Athletics MLB Authentic Collection 59FIFTY Cap,20249790,$19.99,Green/Yellow,"Made of 100% Polyester, Woven"
Los Angeles Angels,http://shop.neweracap.com/Style/59Fifty-MLB-Authentic-Collection/20249784,Los Angeles Angels MLB Authentic Collection 59FIFTY Cap,20249784,$19.99,Red,"Made of 100% Polyester, Knit"
Kansas City Royals,http://shop.neweracap.com/Style/59Fifty-MLB-Authentic-Collection/20249783,Kansas City Royals MLB Authentic Collection 59FIFTY Cap,20249783,$19.99,RoyalBlue,"Made of 100% Polyester, Knit"
Detroit Tigers,http://shop.neweracap.com/Style/59Fifty-MLB-Authentic-Collection/20249780,Detroit Tigers MLB Authentic Collection 59FIFTY Cap,20249780,$19.99,Navy,"Made of 100% Polyester, Woven"
Cleveland Indians,http://shop.neweracap.com/Style/59Fifty-MLB-Authentic-Collection/20249778,Cleveland Indians MLB Authentic Collection 59FIFTY Cap,20249778,$19.99,Navy/Red,"Made of 100% Polyester, Woven"
Washington Nationals,http://shop.neweracap.com/Style/59Fifty-MLB-Authentic-Collection/20247694,Washington Nationals MLB Authentic Collection 59FIFTY Cap,20247694,$25.99,Navy/Red,"Made of 100% Polyester, Woven"
San Francisco Giants,http://shop.neweracap.com/Style/59Fifty-MLB-Authentic-Collection/20162179,San Francisco Giants MLB Authentic Collection 59FIFTY Cap,20162179,$25.99,Black/Orange,"Made of 100% Polyester, Woven"
Texas Rangers,http://shop.neweracap.com/Style/59Fifty-MLB-Black-and-White-Fashion/20105720,Texas Rangers MLB Black and White Fashion 59FIFTY Cap,20105720,$24.99,Black,"Made of 100% Wool, Woven Fleece"
Atlanta Braves,http://shop.neweracap.com/Style/59Fifty-MLB-Black-and-White-Fashion/20093942,Atlanta Braves MLB Black and White Fashion 59FIFTY Cap,20093942,$24.99,Black,"Made of 100% Wool, Woven"
New York Mets,http://shop.neweracap.com/Style/59Fifty-MLB-Black-and-White-Fashion/20079651,New York Mets MLB Black and White Fashion 59FIFTY Cap,20079651,$24.99,Black,"Made of 100% Wool, Woven Fleece"
Pittsburgh Pirates,http://shop.neweracap.com/Style/59Fifty-MLB-Black-and-White-Fashion/20079649,Pittsburgh Pirates MLB Black and White Fashion 59FIFTY Cap,20079649,$24.99,Black,"Made of 100% Wool, Woven Fleece"
Los Angeles Dodgers,http://shop.neweracap.com/Style/59Fifty-MLB-Black-and-White-Fashion/20079646,Los Angeles Dodgers MLB Black and White Fashion 59FIFTY Cap,20079646,$24.99,Black,"Made of 100% Wool, Woven Fleece"
Philadelphia Phillies,http://shop.neweracap.com/Style/59Fifty-MLB-Black-and-White-Fashion/20079644,Philadelphia Phillies MLB Black and White Fashion 59FIFTY Cap,20079644,$24.99,Black,"Made of 100% Wool, Woven Fleece"
St. Louis Cardinals,http://shop.neweracap.com/Style/59Fifty-MLB-Authentic-Collection/20078213,St. Louis Cardinals MLB Authentic Collection 59FIFTY Cap,20078213,$25.99,Navy/Red,"Made of 100% Polyester, Woven"
Colorado Rockies,http://shop.neweracap.com/Style/59Fifty-MLB-Authentic-Collection/20078198,Colorado Rockies MLB Authentic Collection 59FIFTY Cap,20078198,$25.99,Black/Purple,"Made of 100% Polyester, Woven"
Colorado Rockies,http://shop.neweracap.com/Style/59Fifty-MLB-Authentic-Collection/20078197,Colorado Rockies MLB Authentic Collection 59FIFTY Cap,20078197,$25.99,Black,"Made of 100% Polyester, Woven"
Atlanta Braves,http://shop.neweracap.com/Style/59Fifty-MLB-Authentic-Collection/20078190,Atlanta Braves MLB Authentic Collection 59FIFTY Cap,20078190,$25.99,Navy/Red,"Made of 100% Polyester, Woven"
San Francisco Giants,http://shop.neweracap.com/Style/59Fifty-MLB-Black-on-Black-Fashion/20057740,San Francisco Giants MLB Black on Black Fashion 59FIFTY Cap,20057740,$24.99,Black,"Made of 100% Wool, Woven Fleece"
New York Yankees,http://shop.neweracap.com/Style/59Fifty-MLB-Black-on-Black-Fashion/20057735,New York Yankees MLB Black on Black Fashion 59FIFTY Cap,20057735,$24.99,Black,"Made of 100% Wool, Woven Fleece"
Los Angeles Dodgers,http://shop.neweracap.com/Style/59Fifty-MLB-Black-on-Black-Fashion/20057734,Los Angeles Dodgers MLB Black on Black Fashion 59FIFTY Cap,20057734,$24.99,Black,"Made of 100% Wool, Woven Fleece"
St. Louis Cardinals,http://shop.neweracap.com/Style/59Fifty-MLB-Authentic-Collection/20055151,St. Louis Cardinals MLB Authentic Collection 59FIFTY Cap,20055151,$25.99,Red,"Made of 100% Polyester, Woven"
Pittsburgh Pirates,http://shop.neweracap.com/Style/59Fifty-MLB-Authentic-Collection/20055148,Pittsburgh Pirates MLB Authentic Collection 59FIFTY Cap,20055148,$25.99,Black,"Made of 100% Wool, Woven"
Philadelphia Phillies,http://shop.neweracap.com/Style/59Fifty-MLB-Authentic-Collection/20055147,Philadelphia Phillies MLB Authentic Collection 59FIFTY Cap,20055147,$25.99,Red,"Made of 100% Polyester, Woven"
Kansas City Royals,http://shop.neweracap.com/Style/59Fifty-MLB-Authentic-Collection/20055139,Kansas City Royals MLB Authentic Collection 59FIFTY Cap,20055139,$25.99,RoyalBlue,"Made of 100% Polyester, Woven"
Chicago White Sox,http://shop.neweracap.com/Style/59Fifty-MLB-Authentic-Collection/20055133,Chicago White Sox MLB Authentic Collection 59FIFTY Cap,20055133,$25.99,Black,"Made of 100% Polyester, Woven"
Boston Red Sox,http://shop.neweracap.com/Style/59Fifty-MLB-Authentic-Collection/20055132,Boston Red Sox MLB Authentic Collection 59FIFTY Cap,20055132,$25.99,Navy,"Made of 100% Polyester, Woven"
Washington Nationals,http://shop.neweracap.com/style/2016-MLB-Kids-AC-Stars-Stripes-59FIFTY-Cap/20841506,Washington Nationals 2016 MLB Kids AC Stars & Stripes 59FIFTY Cap,20841506,$27.99,Red/White,"Made of 100% Polyester, Woven"
Texas Rangers,http://shop.neweracap.com/style/2016-MLB-Kids-AC-Stars-Stripes-59FIFTY-Cap/20841504,Texas Rangers 2016 MLB Kids AC Stars & Stripes 59FIFTY Cap,20841504,$27.99,Navy/White,"Made of 100% Polyester, Woven"
St. Louis Cardinals,http://shop.neweracap.com/style/2016-MLB-Kids-AC-Stars-Stripes-59FIFTY-Cap/20841502,St. Louis Cardinals 2016 MLB Kids AC Stars & Stripes 59FIFTY Cap,20841502,$27.99,Red/White,"Made of 100% Polyester, Woven"
Seattle Mariners,http://shop.neweracap.com/style/2016-MLB-Kids-AC-Stars-Stripes-59FIFTY-Cap/20841501,Seattle Mariners 2016 MLB Kids AC Stars & Stripes 59FIFTY Cap,20841501,$27.99,Navy/White,"Made of 100% Polyester, Woven"
San Diego Padres,http://shop.neweracap.com/style/2016-MLB-Kids-AC-Stars-Stripes-59FIFTY-Cap/20841499,San Diego Padres 2016 MLB Kids AC Stars & Stripes 59FIFTY Cap,20841499,$27.99,Navy/White,"Made of 100% Polyester, Woven"
Pittsburgh Pirates,http://shop.neweracap.com/style/2016-MLB-Kids-AC-Stars-Stripes-59FIFTY-Cap/20841498,Pittsburgh Pirates 2016 MLB Kids AC Stars & Stripes 59FIFTY Cap,20841498,$27.99,Navy/White,"Made of 100% Polyester, Woven"
Oakland Athletics,http://shop.neweracap.com/style/2016-MLB-Kids-AC-Stars-Stripes-59FIFTY-Cap/20841496,Oakland Athletics 2016 MLB Kids AC Stars & Stripes 59FIFTY Cap,20841496,$27.99,Red/White,"Made of 100% Polyester, Woven"
New York Yankees,http://shop.neweracap.com/style/2016-MLB-Kids-AC-Stars-Stripes-59FIFTY-Cap/20841495,New York Yankees 2016 MLB Kids AC Stars & Stripes 59FIFTY Cap,20841495,$27.99,Navy/White,"Made of 100% Polyester, Woven"
Minnesota Twins,http://shop.neweracap.com/style/2016-MLB-Kids-AC-Stars-Stripes-59FIFTY-Cap/20841493,Minnesota Twins 2016 MLB Kids AC Stars & Stripes 59FIFTY Cap,20841493,$27.99,Navy/White,"Made of 100% Polyester, Woven"
Milwaukee Brewers,http://shop.neweracap.com/style/2016-MLB-Kids-AC-Stars-Stripes-59FIFTY-Cap/20841492,Milwaukee Brewers 2016 MLB Kids AC Stars & Stripes 59FIFTY Cap,20841492,$27.99,Navy/White,"Made of 100% Polyester, Woven"
Miami Marlins,http://shop.neweracap.com/style/2016-MLB-Kids-AC-Stars-Stripes-59FIFTY-Cap/20841491,Miami Marlins 2016 MLB Kids AC Stars & Stripes 59FIFTY Cap,20841491,$27.99,Red/White,"Made of 100% Polyester, Woven"
Kansas City Royals,http://shop.neweracap.com/style/2016-MLB-Kids-AC-Stars-Stripes-59FIFTY-Cap/20841489,Kansas City Royals 2016 MLB Kids AC Stars & Stripes 59FIFTY Cap,20841489,$27.99,Navy/White,"Made of 100% Polyester, Woven"
Detroit Tigers,http://shop.neweracap.com/style/2016-MLB-Kids-AC-Stars-Stripes-59FIFTY-Cap/20841487,Detroit Tigers 2016 MLB Kids AC Stars & Stripes 59FIFTY Cap,20841487,$27.99,Navy/White,"Made of 100% Polyester, Woven"
Cincinnati Reds,http://shop.neweracap.com/style/2016-MLB-Kids-AC-Stars-Stripes-59FIFTY-Cap/20841484,Cincinnati Reds 2016 MLB Kids AC Stars & Stripes 59FIFTY Cap,20841484,$27.99,Red/White,"Made of 100% Polyester, Woven"
Chicago White Sox,http://shop.neweracap.com/style/2016-MLB-Kids-AC-Stars-Stripes-59FIFTY-Cap/20841483,Chicago White Sox 2016 MLB Kids AC Stars & Stripes 59FIFTY Cap,20841483,$27.99,Red/White,"Made of 100% Polyester, Woven"
Arizona Diamondbacks,http://shop.neweracap.com/style/2016-MLB-Kids-AC-Stars-Stripes-59FIFTY-Cap/20841478,Arizona Diamondbacks 2016 MLB Kids AC Stars & Stripes 59FIFTY Cap,20841478,$27.99,Red/White,"Made of 100% Polyester, Woven"
Los Angeles Angels,http://shop.neweracap.com/style/2016-MLB-Kids-AC-Stars-Stripes-59FIFTY-Cap/20841477,Los Angeles Angels 2016 MLB Kids AC Stars & Stripes 59FIFTY Cap,20841477,$27.99,Red/White,"Made of 100% Polyester, Woven"
San Diego Padres,http://shop.neweracap.com/style/MLB-2016-Youth-San-Diego-All-Star-Game-Patch-59FIFTY-Cap/20837629,San Diego Padres MLB 2016 Youth San Diego All Star Game Patch 59FIFTY Cap,20837629,$29.99,Navy,"Made of 100% Polyester, Woven"
Milwaukee Brewers,http://shop.neweracap.com/Style/59Fifty-MLB-Authentic-Collection/20836206,Milwaukee Brewers MLB Authentic Collection 59FIFTY Cap,20836206,$19.99,RoyalBlue,"Made of 100% Polyester, Woven"
Arizona Diamondbacks,http://shop.neweracap.com/Style/59Fifty-MLB-Authentic-Collection/20830471,Arizona Diamondbacks MLB Authentic Collection 59FIFTY Cap,20830471,$25.99,DarkRed/Black,"Made of 100% Polyester, Woven"
Arizona Diamondbacks,http://shop.neweracap.com/Style/59Fifty-MLB-Authentic-Collection/20830469,Arizona Diamondbacks MLB Authentic Collection 59FIFTY Cap,20830469,$25.99,Black,"Made of 100% Polyester, Woven"
Houston Astros,http://shop.neweracap.com/Style/59Fifty-MLB-Authentic-Collection/20830468,Houston Astros MLB Authentic Collection 59FIFTY Cap,20830468,$25.99,Orange/Navy,"Made of 100% Polyester, Woven"
Milwaukee Brewers,http://shop.neweracap.com/Style/59Fifty-MLB-Authentic-Collection/20830467,Milwaukee Brewers MLB Authentic Collection 59FIFTY Cap,20830467,$25.99,Navy,"Made of 100% Polyester, Woven"
Minnesota Twins,http://shop.neweracap.com/Style/59Fifty-MLB-Authentic-Collection/20830466,Minnesota Twins MLB Authentic Collection 59FIFTY Cap,20830466,$25.99,Red/Navy,"Made of 100% Polyester, Woven"
Tampa Bay Rays,http://shop.neweracap.com/style/MLB-Kids-2016-Diamond-Era-59FIFTY-Cap/20817236,Tampa Bay Rays MLB Kids 2016 Diamond Era 59FIFTY Cap,20817236,$25.99,LightBlue/Navy,"Made of 100% Polyester, Woven"
Tampa Bay Rays,http://shop.neweracap.com/style/MLB-Kids-2016-Diamond-Era-59FIFTY-Cap/20817235,Tampa Bay Rays MLB Kids 2016 Diamond Era 59FIFTY Cap,20817235,$25.99,Navy/LightBlue,"Made of 100% Polyester, Woven"
Seattle Mariners,http://shop.neweracap.com/style/MLB-Kids-2016-Diamond-Era-59FIFTY-Cap/20817233,Seattle Mariners MLB Kids 2016 Diamond Era 59FIFTY Cap,20817233,$25.99,Navy/Teal,"Made of 100% Polyester, Woven"
San Diego Padres,http://shop.neweracap.com/style/MLB-Kids-2016-Diamond-Era-59FIFTY-Cap/20817231,San Diego Padres MLB Kids 2016 Diamond Era 59FIFTY Cap,20817231,$25.99,White/Navy,"Made of 100% Polyester, Woven"
New York Yankees,http://shop.neweracap.com/style/MLB-Kids-2016-Diamond-Era-59FIFTY-Cap/20817226,New York Yankees MLB Kids 2016 Diamond Era 59FIFTY Cap,20817226,$25.99,Gray/Navy,"Made of 100% Polyester, Woven"
New York Mets,http://shop.neweracap.com/style/MLB-Kids-2016-Diamond-Era-59FIFTY-Cap/20817223,New York Mets MLB Kids 2016 Diamond Era 59FIFTY Cap,20817223,$25.99,Orange/RoyalBlue,"Made of 100% Polyester, Woven"
Minnesota Twins,http://shop.neweracap.com/style/MLB-Kids-2016-Diamond-Era-59FIFTY-Cap/20817222,Minnesota Twins MLB Kids 2016 Diamond Era 59FIFTY Cap,20817222,$25.99,Red/Navy,"Made of 100% Polyester, Woven"
Milwaukee Brewers,http://shop.neweracap.com/style/MLB-Kids-2016-Diamond-Era-59FIFTY-Cap/20817218,Milwaukee Brewers MLB Kids 2016 Diamond Era 59FIFTY Cap,20817218,$25.99,LightNavy/White,"Made of 100% Polyester, Woven"
Los Angeles Dodgers,http://shop.neweracap.com/style/MLB-Kids-2016-Diamond-Era-59FIFTY-Cap/20817213,Los Angeles Dodgers MLB Kids 2016 Diamond Era 59FIFTY Cap,20817213,$25.99,RoyalBlue,"Made of 100% Polyester, Woven"
Kansas City Royals,http://shop.neweracap.com/style/MLB-Kids-2016-Diamond-Era-59FIFTY-Cap/20817212,Kansas City Royals MLB Kids 2016 Diamond Era 59FIFTY Cap,20817212,$25.99,RoyalBlue,"Made of 100% Polyester, Woven"
Houston Astros,http://shop.neweracap.com/style/MLB-Kids-2016-Diamond-Era-59FIFTY-Cap/20817211,Houston Astros MLB Kids 2016 Diamond Era 59FIFTY Cap,20817211,$25.99,Navy/Orange,"Made of 100% Polyester, Woven"
Detroit Tigers,http://shop.neweracap.com/style/MLB-Kids-2016-Diamond-Era-59FIFTY-Cap/20817209,Detroit Tigers MLB Kids 2016 Diamond Era 59FIFTY Cap,20817209,$25.99,Orange,"Made of 100% Polyester, Woven"
Detroit Tigers,http://shop.neweracap.com/style/MLB-Kids-2016-Diamond-Era-59FIFTY-Cap/20817207,Detroit Tigers MLB Kids 2016 Diamond Era 59FIFTY Cap,20817207,$25.99,Navy,"Made of 100% Polyester, Woven"
Colorado Rockies,http://shop.neweracap.com/style/MLB-Kids-2016-Diamond-Era-59FIFTY-Cap/20817202,Colorado Rockies MLB Kids 2016 Diamond Era 59FIFTY Cap,20817202,$25.99,Black,"Made of 100% Polyester, Woven"
Cleveland Indians,http://shop.neweracap.com/style/MLB-Kids-2016-Diamond-Era-59FIFTY-Cap/20817201,Cleveland Indians MLB Kids 2016 Diamond Era 59FIFTY Cap,20817201,$25.99,White/Navy,"Made of 100% Polyester, Woven"
Cincinnati Reds,http://shop.neweracap.com/style/MLB-Kids-2016-Diamond-Era-59FIFTY-Cap/20817200,Cincinnati Reds MLB Kids 2016 Diamond Era 59FIFTY Cap,20817200,$25.99,Red/Black,"Made of 100% Polyester, Woven"
Chicago White Sox,http://shop.neweracap.com/style/MLB-Kids-2016-Diamond-Era-59FIFTY-Cap/20817199,Chicago White Sox MLB Kids 2016 Diamond Era 59FIFTY Cap,20817199,$25.99,Black,"Made of 100% Polyester, Woven"
Chicago Cubs,http://shop.neweracap.com/style/MLB-Kids-2016-Diamond-Era-59FIFTY-Cap/20817198,Chicago Cubs MLB Kids 2016 Diamond Era 59FIFTY Cap,20817198,$25.99,RoyalBlue,"Made of 100% Polyester, Woven"
Baltimore Orioles,http://shop.neweracap.com/style/MLB-Kids-2016-Diamond-Era-59FIFTY-Cap/20817196,Baltimore Orioles MLB Kids 2016 Diamond Era 59FIFTY Cap,20817196,$25.99,Black,"Made of 100% Polyester, Woven"
San Antonio Missions,http://shop.neweracap.com/style/MiLB-Kids-59FIFTY-Cap/20794655,San Antonio Missions MiLB Kids 59FIFTY Cap,20794655,$24.99,Navy,"Made of 100% Wool, Woven"
Minnesota Twins,http://shop.neweracap.com/Style/59Fifty-MLB-Authentic-Collection/20750663,Minnesota Twins MLB Authentic Collection 59FIFTY Cap,20750663,$25.99,Navy,"Made of 100% Polyester, Woven"
New York Mets,http://shop.neweracap.com/Style/59Fifty-MLB-Authentic-Collection/20745811,New York Mets MLB Authentic Collection 59FIFTY Cap,20745811,$25.99,RoyalBlue,"Made of 100% Polyester, Woven"
Cleveland Indians,http://shop.neweracap.com/style/Youth-Gray-Black-and-White-Cap/20728300,Cleveland Indians MLB Youth Gray Black and White 59FIFTY,20728300,$24.99,Gray,"Made of 100% Polyester, Woven"
Houston Astros,http://shop.neweracap.com/Style/59Fifty-MLB-Black-and-White-Fashion/20641990,Houston Astros MLB Black and White Fashion 59FIFTY Cap,20641990,$24.99,Black/White,"Made of 100% Wool, Woven"
Houston Astros,http://shop.neweracap.com/Style/59Fifty-MLB-Black-on-Black-Fashion/20641989,Houston Astros MLB Black on Black Fashion 59FIFTY Cap,20641989,$24.99,Black,"Made of 100% Wool, Woven"
Washington Redskins,http://shop.neweracap.com/style/NFL-Infant-My-First-OnField-59FIFTY-Cap/20566183,Washington Redskins NFL Infant My First OnField 59FIFTY Cap,20566183,$19.99,Maroon/Yellow,"Made of 100% Polyester, Woven"
Tennessee Titans,http://shop.neweracap.com/style/NFL-Infant-My-First-OnField-59FIFTY-Cap/20566182,Tennessee Titans NFL Infant My First OnField 59FIFTY Cap,20566182,$19.99,Navy,"Made of 100% Polyester, Woven"
New York Jets,http://shop.neweracap.com/style/NFL-Infant-My-First-OnField-59FIFTY-Cap/20566172,New York Jets NFL Infant My First OnField 59FIFTY Cap,20566172,$19.99,Green,"Made of 100% Polyester, Woven"
Jacksonville Jaguars,http://shop.neweracap.com/style/NFL-Infant-My-First-OnField-59FIFTY-Cap/20566164,Jacksonville Jaguars NFL Infant My First OnField 59FIFTY Cap,20566164,$19.99,Black,"Made of 100% Polyester, Woven"
Atlanta Falcons,http://shop.neweracap.com/style/NFL-Infant-My-First-OnField-59FIFTY-Cap/20566144,Atlanta Falcons NFL Infant My First OnField 59FIFTY Cap,20566144,$19.99,Black,"Made of 100% Polyester, Woven"
Washington Nationals,http://shop.neweracap.com/Style/59Fifty-MLB-Authentic-Collection/20521669,Washington Nationals MLB Authentic Collection 59FIFTY Cap,20521669,$25.99,Red/Navy,"Made of 100% Polyester, Woven"
Houston Astros,http://shop.neweracap.com/Style/59Fifty-MLB-Authentic-Collection/20512565,Houston Astros MLB Authentic Collection 59FIFTY Cap,20512565,$19.99,Navy,"Made of 100% Polyester, Woven"
Houston Astros,http://shop.neweracap.com/Style/59Fifty-MLB-Authentic-Collection/20495002,Houston Astros MLB Authentic Collection 59FIFTY Cap,20495002,$25.99,Orange,"Made of 100% Polyester, Woven"
Houston Astros,http://shop.neweracap.com/Style/59Fifty-MLB-Authentic-Collection/20495001,Houston Astros MLB Authentic Collection 59FIFTY Cap,20495001,$25.99,Navy/Orange,"Made of 100% Polyester, Woven"
Houston Astros,http://shop.neweracap.com/Style/59Fifty-MLB-Authentic-Collection/20495000,Houston Astros MLB Authentic Collection 59FIFTY Cap,20495000,$25.99,Navy,"Made of 100% Polyester, Woven"
Washington Nationals,http://shop.neweracap.com/Style/59Fifty-MLB-Black-on-Black-Fashion/20490802,Washington Nationals MLB Black on Black Fashion 59FIFTY Cap,20490802,$24.99,Black,"Made of 100% Wool, Woven"
Houston Astros,http://shop.neweracap.com/Style/59Fifty-MLB-Black-on-Black-Fashion/20490801,Houston Astros MLB Black on Black Fashion 59FIFTY Cap,20490801,$24.99,Black,"Made of 100% Wool, Woven"
Miami Marlins,http://shop.neweracap.com/Style/59Fifty-MLB-Black-and-White-Fashion/20452164,Miami Marlins MLB Black and White Fashion 59FIFTY Cap,20452164,$24.99,Black,"Made of 100% Wool, Woven"
Houston Astros,http://shop.neweracap.com/Style/59Fifty-MLB-Black-and-White-Fashion/20452163,Houston Astros MLB Black and White Fashion 59FIFTY Cap,20452163,$24.99,Black,"Made of 100% Wool, Woven"
Baltimore Orioles,http://shop.neweracap.com/Style/59Fifty-MLB-Authentic-Collection/20406424,Baltimore Orioles MLB Authentic Collection 59FIFTY Cap,20406424,$19.99,White/Black/Orange,"Made of 100% Polyester, Woven"
Baltimore Orioles,http://shop.neweracap.com/Style/59Fifty-MLB-White-And-Black/20399349,Baltimore Orioles MLB White And Black 59FIFTY Cap,20399349,$24.99,White,"Made of 100% Cotton, Woven"
Washington Nationals,http://shop.neweracap.com/style/Youth-Gray-Black-and-White-Cap/20398573,Washington Nationals MLB Youth Gray Black and White 59FIFTY,20398573,$24.99,Gray,"Made of 100% Polyester, Woven"
Tampa Bay Rays,http://shop.neweracap.com/style/Youth-Gray-Black-and-White-Cap/20398570,Tampa Bay Rays MLB Youth Gray Black and White 59FIFTY,20398570,$24.99,Gray,"Made of 100% Polyester, Woven"
St. Louis Cardinals,http://shop.neweracap.com/style/Youth-Gray-Black-and-White-Cap/20398569,St. Louis Cardinals MLB Youth Gray Black and White 59FIFTY,20398569,$24.99,Gray,"Made of 100% Polyester, Woven"
Seattle Mariners,http://shop.neweracap.com/style/Youth-Gray-Black-and-White-Cap/20398568,Seattle Mariners MLB Youth Gray Black and White 59FIFTY,20398568,$24.99,Gray,"Made of 100% Polyester, Woven"
San Francisco Giants,http://shop.neweracap.com/style/Youth-Gray-Black-and-White-Cap/20398567,San Francisco Giants MLB Youth Gray Black and White 59FIFTY,20398567,$24.99,Gray,"Made of 100% Polyester, Woven"
San Diego Padres,http://shop.neweracap.com/style/Youth-Gray-Black-and-White-Cap/20398566,San Diego Padres MLB Youth Gray Black and White 59FIFTY,20398566,$24.99,Gray,"Made of 100% Polyester, Woven"
Philadelphia Phillies,http://shop.neweracap.com/style/Youth-Gray-Black-and-White-Cap/20398564,Philadelphia Phillies MLB Youth Gray Black and White 59FIFTY,20398564,$24.99,Gray,"Made of 100% Polyester, Woven"
Oakland Athletics,http://shop.neweracap.com/style/Youth-Gray-Black-and-White-Cap/20398563,Oakland Athletics MLB Youth Gray Black and White 59FIFTY,20398563,$24.99,Gray,"Made of 100% Polyester, Woven"
New York Mets,http://shop.neweracap.com/style/Youth-Gray-Black-and-White-Cap/20398561,New York Mets MLB Youth Gray Black and White 59FIFTY,20398561,$24.99,Gray,"Made of 100% Polyester, Woven"
Minnesota Twins,http://shop.neweracap.com/style/Youth-Gray-Black-and-White-Cap/20398560,Minnesota Twins MLB Youth Gray Black and White 59FIFTY,20398560,$24.99,Gray,"Made of 100% Polyester, Woven"
Milwaukee Brewers,http://shop.neweracap.com/style/Youth-Gray-Black-and-White-Cap/20398559,Milwaukee Brewers MLB Youth Gray Black and White 59FIFTY,20398559,$24.99,Gray,"Made of 100% Polyester, Woven"
Miami Marlins,http://shop.neweracap.com/style/Youth-Gray-Black-and-White-Cap/20398558,Miami Marlins MLB Youth Gray Black and White 59FIFTY,20398558,$24.99,Gray,"Made of 100% Polyester, Woven"
Los Angeles Dodgers,http://shop.neweracap.com/style/Youth-Gray-Black-and-White-Cap/20398557,Los Angeles Dodgers MLB Youth Gray Black and White 59FIFTY,20398557,$24.99,Gray,"Made of 100% Polyester, Woven"
Kansas City Royals,http://shop.neweracap.com/style/Youth-Gray-Black-and-White-Cap/20398551,Kansas City Royals MLB Youth Gray Black and White 59FIFTY,20398551,$24.99,Gray,"Made of 100% Polyester, Woven"
Detroit Tigers,http://shop.neweracap.com/style/Youth-Gray-Black-and-White-Cap/20398548,Detroit Tigers MLB Youth Gray Black and White 59FIFTY,20398548,$24.99,Gray,"Made of 100% Polyester, Woven"
Colorado Rockies,http://shop.neweracap.com/style/Youth-Gray-Black-and-White-Cap/20398546,Colorado Rockies MLB Youth Gray Black and White 59FIFTY,20398546,$24.99,Gray,"Made of 100% Polyester, Woven"
Cincinnati Reds,http://shop.neweracap.com/style/Youth-Gray-Black-and-White-Cap/20398541,Cincinnati Reds MLB Youth Gray Black and White 59FIFTY,20398541,$24.99,Gray,"Made of 100% Polyester, Woven"
Los Angeles Angels,http://shop.neweracap.com/style/Youth-Gray-Black-and-White-Cap/20398509,Los Angeles Angels MLB Youth Gray Black and White 59FIFTY,20398509,$24.99,Gray,"Made of 100% Polyester, Woven"
Arizona Diamondbacks,http://shop.neweracap.com/style/Youth-Gray-Black-and-White-Cap/20398495,Arizona Diamondbacks MLB Youth Gray Black and White 59FIFTY,20398495,$24.99,Gray,"Made of 100% Polyester, Woven"
New York Jets,http://shop.neweracap.com/style/NFL-2012-Kids-Classics-59FIFTY-Cap/20395232,New York Jets NFL 2012 Kids Classics 59FIFTY Cap,20395232,$24.99,Navy,"Made of 100% Polyester, Woven"
Toronto Blue Jays,http://shop.neweracap.com/Style/59Fifty-MLB-White-And-Black/20385042,Toronto Blue Jays MLB White And Black 59FIFTY Cap,20385042,$24.99,White,"Made of 100% Cotton, Woven"
Baltimore Orioles,http://shop.neweracap.com/Style/59Fifty-MLB-Black-and-White-Fashion/20385036,Baltimore Orioles MLB Black and White Fashion 59FIFTY Cap,20385036,$24.99,Black,"Made of 100% Wool, Woven"
Seattle Mariners,http://shop.neweracap.com/Style/59Fifty-MLB-Authentic-Collection/20383497,Seattle Mariners MLB Authentic Collection 59FIFTY Cap,20383497,$25.99,Navy/Green,"Made of 100% Polyester, Woven"
Miami Marlins,http://shop.neweracap.com/Style/59Fifty-MLB-Authentic-Collection/20383493,Miami Marlins MLB Authentic Collection 59FIFTY Cap,20383493,$25.99,Black,"Made of 100% Polyester, Woven"
Baltimore Orioles,http://shop.neweracap.com/Style/59Fifty-MLB-Authentic-Collection/20383491,Baltimore Orioles MLB Authentic Collection 59FIFTY Cap,20383491,$25.99,Black/Orange,"Made of 100% Polyester, Woven"
Baltimore Orioles,http://shop.neweracap.com/Style/59Fifty-MLB-Authentic-Collection/20383489,Baltimore Orioles MLB Authentic Collection 59FIFTY Cap,20383489,$25.99,White/Black/Orange,"Made of 100% Polyester, Woven"
Washington Nationals,http://shop.neweracap.com/Style/59Fifty-MLB-Authentic-Collection/20249800,Washington Nationals MLB Authentic Collection 59FIFTY Cap,20249800,$19.99,Red,"Made of 100% Polyester, Knit"
Texas Rangers,http://shop.neweracap.com/Style/59Fifty-MLB-Authentic-Collection/20249798,Texas Rangers MLB Authentic Collection 59FIFTY Cap,20249798,$19.99,RoyalBlue,"Made of 100% Cotton, Woven"
Tampa Bay Rays,http://shop.neweracap.com/Style/59Fifty-MLB-Authentic-Collection/20249797,Tampa Bay Rays MLB Authentic Collection 59FIFTY Cap,20249797,$19.99,LightNavy,"Made of 100% Polyester, Knit"
San Francisco Giants,http://shop.neweracap.com/Style/59Fifty-MLB-Authentic-Collection/20249794,San Francisco Giants MLB Authentic Collection 59FIFTY Cap,20249794,$19.99,Black,"Made of 100% Polyester, Woven"
Pittsburgh Pirates,http://shop.neweracap.com/Style/59Fifty-MLB-Authentic-Collection/20249792,Pittsburgh Pirates MLB Authentic Collection 59FIFTY Cap,20249792,$19.99,Black,"Made of 100% Polyester, Knit"
Philadelphia Phillies,http://shop.neweracap.com/Style/59Fifty-MLB-Authentic-Collection/20249791,Philadelphia Phillies MLB Authentic Collection 59FIFTY Cap,20249791,$19.99,Red,"Made of 100% Polyester, Knit"
New York Mets,http://shop.neweracap.com/Style/59Fifty-MLB-Authentic-Collection/20249788,New York Mets MLB Authentic Collection 59FIFTY Cap,20249788,$19.99,RoyalBlue,"Made of 100% Polyester, Knit"
Minnesota Twins,http://shop.neweracap.com/Style/59Fifty-MLB-Authentic-Collection/20249787,Minnesota Twins MLB Authentic Collection 59FIFTY Cap,20249787,$19.99,Navy,"Made of 100% Polyester, Woven"
Milwaukee Brewers,http://shop.neweracap.com/Style/59Fifty-MLB-Authentic-Collection/20249786,Milwaukee Brewers MLB Authentic Collection 59FIFTY Cap,20249786,$19.99,LightNavy,"Made of 100% Polyester, Woven"
Colorado Rockies,http://shop.neweracap.com/Style/59Fifty-MLB-Authentic-Collection/20249779,Colorado Rockies MLB Authentic Collection 59FIFTY Cap,20249779,$19.99,Black,"Made of 100% Polyester, Knit"
Cincinnati Reds,http://shop.neweracap.com/Style/59Fifty-MLB-Authentic-Collection/20249777,Cincinnati Reds MLB Authentic Collection 59FIFTY Cap,20249777,$19.99,Red,"Made of 100% Polyester, Knit"
Chicago White Sox,http://shop.neweracap.com/Style/59Fifty-MLB-Authentic-Collection/20249776,Chicago White Sox MLB Authentic Collection 59FIFTY Cap,20249776,$19.99,Black,"Made of 100% Polyester, Knit"
Atlanta Braves,http://shop.neweracap.com/Style/59Fifty-MLB-Authentic-Collection/20249772,Atlanta Braves MLB Authentic Collection 59FIFTY Cap,20249772,$19.99,Navy/Red,"Made of 100% Polyester, Woven"
Arizona Diamondbacks,http://shop.neweracap.com/Style/59Fifty-MLB-Authentic-Collection/20249771,Arizona Diamondbacks MLB Authentic Collection 59FIFTY Cap,20249771,$19.99,Brick,"Made of 100% Polyester, Knit"
Cleveland Indians,http://shop.neweracap.com/Style/59Fifty-MLB-Authentic-Collection/20247693,Cleveland Indians MLB Authentic Collection 59FIFTY Cap,20247693,$25.99,Red,"Made of 100% Polyester, Woven"
Washington Nationals,http://shop.neweracap.com/Style/59Fifty-MLB-Black-and-White-Fashion/20216723,Washington Nationals MLB Black and White Fashion 59FIFTY Cap,20216723,$24.99,Black,"Made of 100% Wool, Woven Fleece"
Minnesota Twins,http://shop.neweracap.com/Style/59Fifty-MLB-Authentic-Collection/20162182,Minnesota Twins MLB Authentic Collection 59FIFTY Cap,20162182,$25.99,Navy/Red,"Made of 100% Polyester, Woven"
Tampa Bay Rays,http://shop.neweracap.com/Style/59Fifty-MLB-White-And-Black/20156752,Tampa Bay Rays MLB White And Black 59FIFTY Cap,20156752,$24.99,White,"Made of 100% Cotton, Woven"
St. Louis Cardinals,http://shop.neweracap.com/Style/59Fifty-MLB-White-And-Black/20156751,St. Louis Cardinals MLB White And Black 59FIFTY Cap,20156751,$24.99,White,"Made of 100% Cotton, Woven"
St. Louis Cardinals,http://shop.neweracap.com/Style/59Fifty-MLB-White-And-Black/20156750,St. Louis Cardinals MLB White And Black 59FIFTY Cap,20156750,$24.99,White,"Made of 100% Cotton, Woven"
Seattle Mariners,http://shop.neweracap.com/Style/59Fifty-MLB-White-And-Black/20156749,Seattle Mariners MLB White And Black 59FIFTY Cap,20156749,$24.99,White,"Made of 100% Cotton, Woven"
Minnesota Twins,http://shop.neweracap.com/Style/59Fifty-MLB-White-And-Black/20156741,Minnesota Twins MLB White And Black 59FIFTY Cap,20156741,$24.99,White,"Made of 100% Cotton, Woven"
Los Angeles Angels,http://shop.neweracap.com/Style/59Fifty-MLB-White-And-Black/20156738,Los Angeles Angels MLB White And Black 59FIFTY Cap,20156738,$24.99,White,"Made of 100% Cotton, Woven"
Houston Astros,http://shop.neweracap.com/Style/59Fifty-MLB-White-And-Black/20156736,Houston Astros MLB White And Black 59FIFTY Cap,20156736,$24.99,White,"Made of 100% Cotton, Woven"
Cincinnati Reds,http://shop.neweracap.com/Style/59Fifty-MLB-White-And-Black/20156730,Cincinnati Reds MLB White And Black 59FIFTY Cap,20156730,$24.99,White,"Made of 100% Cotton, Woven"
Chicago White Sox,http://shop.neweracap.com/Style/59Fifty-MLB-White-And-Black/20156729,Chicago White Sox MLB White And Black 59FIFTY Cap,20156729,$24.99,White,"Made of 100% Cotton, Woven"
Boston Red Sox,http://shop.neweracap.com/Style/59Fifty-MLB-White-And-Black/20156726,Boston Red Sox MLB White And Black 59FIFTY Cap,20156726,$24.99,White,"Made of 100% Cotton, Woven"
Atlanta Braves,http://shop.neweracap.com/Style/59Fifty-MLB-White-And-Black/20156723,Atlanta Braves MLB White And Black 59FIFTY Cap,20156723,$24.99,White,"Made of 100% Cotton, Woven"
Arizona Diamondbacks,http://shop.neweracap.com/Style/59Fifty-MLB-White-And-Black/20156722,Arizona Diamondbacks MLB White And Black 59FIFTY Cap,20156722,$24.99,White,"Made of 100% Cotton, Woven"
Texas Rangers,http://shop.neweracap.com/Style/59Fifty-MLB-Authentic-Collection/20130512,Texas Rangers MLB Authentic Collection 59FIFTY Cap,20130512,$25.99,Red,"Made of 100% Polyester, Woven"
Boston Red Sox,http://shop.neweracap.com/Style/59Fifty-MLB-Authentic-Collection/20130510,Boston Red Sox MLB Authentic Collection 59FIFTY Cap,20130510,$25.99,Navy,"Made of 100% Polyester, Woven"
Toronto Blue Jays,http://shop.neweracap.com/Style/59Fifty-MLB-Black-on-Black-Fashion/20119528,Toronto Blue Jays MLB Black on Black Fashion 59FIFTY Cap,20119528,$24.99,Black,"Made of 100% Wool, Woven Fleece"
Atlanta Braves,http://shop.neweracap.com/Style/59Fifty-MLB-Authentic-Collection/20116714,Atlanta Braves MLB Authentic Collection 59FIFTY Cap,20116714,$25.99,Navy,"Made of 100% Polyester, Woven"
Tampa Bay Rays,http://shop.neweracap.com/Style/59Fifty-MLB-Authentic-Collection/20110600,Tampa Bay Rays MLB Authentic Collection 59FIFTY Cap,20110600,$25.99,LightNavy,"Made of 100% Polyester, Woven"
Philadelphia Phillies,http://shop.neweracap.com/Style/59Fifty-MLB-Authentic-Collection/20110599,Philadelphia Phillies MLB Authentic Collection 59FIFTY Cap,20110599,$25.99,RoyalBlue/Red,"Made of 100% Polyester, Woven"
Cleveland Indians,http://shop.neweracap.com/Style/59Fifty-MLB-Authentic-Collection/20110593,Cleveland Indians MLB Authentic Collection 59FIFTY Cap,20110593,$25.99,Navy/Red,"Made of 100% Polyester, Woven"
Tampa Bay Rays,http://shop.neweracap.com/Style/59Fifty-MLB-Black-and-White-Fashion/20105719,Tampa Bay Rays MLB Black and White Fashion 59FIFTY Cap,20105719,$24.99,Black,"Made of 100% Wool, Woven"
Seattle Mariners,http://shop.neweracap.com/Style/59Fifty-MLB-Black-and-White-Fashion/20105718,Seattle Mariners MLB Black and White Fashion 59FIFTY Cap,20105718,$24.99,Black,"Made of 100% Wool, Woven"
Minnesota Twins,http://shop.neweracap.com/Style/59Fifty-MLB-Black-and-White-Fashion/20105717,Minnesota Twins MLB Black and White Fashion 59FIFTY Cap,20105717,$24.99,Black,"Made of 100% Wool, Woven"
Milwaukee Brewers,http://shop.neweracap.com/Style/59Fifty-MLB-Black-and-White-Fashion/20105716,Milwaukee Brewers MLB Black and White Fashion 59FIFTY Cap,20105716,$24.99,Black,"Made of 100% Wool, Woven Fleece"
Kansas City Royals,http://shop.neweracap.com/Style/59Fifty-MLB-Black-and-White-Fashion/20105714,Kansas City Royals MLB Black and White Fashion 59FIFTY Cap,20105714,$24.99,Black,"Made of 100% Wool, Woven"
Colorado Rockies,http://shop.neweracap.com/Style/59Fifty-MLB-Black-and-White-Fashion/20105712,Colorado Rockies MLB Black and White Fashion 59FIFTY Cap,20105712,$24.99,Black,"Made of 100% Wool, Woven Fleece"
Cleveland Indians,http://shop.neweracap.com/Style/59Fifty-MLB-Black-and-White-Fashion/20105711,Cleveland Indians MLB Black and White Fashion 59FIFTY Cap,20105711,$24.99,Black,"Made of 100% Wool, Woven"
Baltimore Orioles,http://shop.neweracap.com/Style/59Fifty-MLB-Black-and-White-Fashion/20105709,Baltimore Orioles MLB Black and White Fashion 59FIFTY Cap,20105709,$24.99,Black,"Made of 100% Wool, Woven Fleece"
Arizona Diamondbacks,http://shop.neweracap.com/Style/59Fifty-MLB-Black-and-White-Fashion/20105708,Arizona Diamondbacks MLB Black and White Fashion 59FIFTY Cap,20105708,$24.99,Black,"Made of 100% Wool, Woven Fleece"
Seattle Mariners,http://shop.neweracap.com/Style/59Fifty-MLB-Black-on-Black-Fashion/20105707,Seattle Mariners MLB Black on Black Fashion 59FIFTY Cap,20105707,$24.99,Black,"Made of 100% Wool, Woven Fleece"
Washington Nationals,http://shop.neweracap.com/Style/59Fifty-MLB-Black-on-Black-Fashion/20105689,Washington Nationals MLB Black on Black Fashion 59FIFTY Cap,20105689,$24.99,Black,"Made of 100% Wool, Woven"
Toronto Blue Jays,http://shop.neweracap.com/Style/59Fifty-MLB-Black-on-Black-Fashion/20105688,Toronto Blue Jays MLB Black on Black Fashion 59FIFTY Cap,20105688,$24.99,Black,"Made of 100% Wool, Woven"
Tampa Bay Rays,http://shop.neweracap.com/Style/59Fifty-MLB-Black-on-Black-Fashion/20105685,Tampa Bay Rays MLB Black on Black Fashion 59FIFTY Cap,20105685,$24.99,Black,"Made of 100% Wool, Woven Fleece"
Minnesota Twins,http://shop.neweracap.com/Style/59Fifty-MLB-Black-on-Black-Fashion/20105684,Minnesota Twins MLB Black on Black Fashion 59FIFTY Cap,20105684,$24.99,Black,"Made of 100% Wool, Woven Fleece"
Milwaukee Brewers,http://shop.neweracap.com/Style/59Fifty-MLB-Black-on-Black-Fashion/20105683,Milwaukee Brewers MLB Black on Black Fashion 59FIFTY Cap,20105683,$24.99,Black,"Made of 100% Wool, Woven Fleece"
Kansas City Royals,http://shop.neweracap.com/Style/59Fifty-MLB-Black-on-Black-Fashion/20105682,Kansas City Royals MLB Black on Black Fashion 59FIFTY Cap,20105682,$24.99,Black,"Made of 100% Wool, Woven"
Florida Marlins,http://shop.neweracap.com/Style/59Fifty-MLB-Black-on-Black-Fashion/20105681,Florida Marlins MLB Black on Black Fashion 59FIFTY Cap,20105681,$24.99,Black,"Made of 100% Wool, Woven Fleece"
Colorado Rockies,http://shop.neweracap.com/Style/59Fifty-MLB-Black-on-Black-Fashion/20105680,Colorado Rockies MLB Black on Black Fashion 59FIFTY Cap,20105680,$24.99,Black,"Made of 100% Wool, Woven Fleece"
Cleveland Indians,http://shop.neweracap.com/Style/59Fifty-MLB-Black-on-Black-Fashion/20105679,Cleveland Indians MLB Black on Black Fashion 59FIFTY Cap,20105679,$24.99,Black,"Made of 100% Polyester, Woven"
Baltimore Orioles,http://shop.neweracap.com/Style/59Fifty-MLB-Black-on-Black-Fashion/20105678,Baltimore Orioles MLB Black on Black Fashion 59FIFTY Cap,20105678,$24.99,Black,"Made of 100% Wool, Woven Fleece"
Arizona Diamondbacks,http://shop.neweracap.com/Style/59Fifty-MLB-Black-on-Black-Fashion/20105677,Arizona Diamondbacks MLB Black on Black Fashion 59FIFTY Cap,20105677,$24.99,Black,"Made of 100% Wool, Woven Fleece"
Chicago White Sox,http://shop.neweracap.com/Style/59Fifty-MLB-Black-and-White-Fashion/20099831,Chicago White Sox MLB Black and White Fashion 59FIFTY Cap,20099831,$24.99,Black,"Made of 100% Wool, Woven Fleece"
Chicago Cubs,http://shop.neweracap.com/Style/59Fifty-MLB-Black-and-White-Fashion/20099825,Chicago Cubs MLB Black and White Fashion 59FIFTY Cap,20099825,$24.99,Black,"Made of 100% Wool, Woven Fleece"
St. Louis Cardinals,http://shop.neweracap.com/Style/59Fifty-MLB-Black-and-White-Fashion/20099800,St. Louis Cardinals MLB Black and White Fashion 59FIFTY Cap,20099800,$24.99,Black,"Made of 100% Wool, Woven Fleece"
Seattle Mariners,http://shop.neweracap.com/Style/59Fifty-MLB-Authentic-Collection/20089183,Seattle Mariners MLB Authentic Collection 59FIFTY Cap,20089183,$25.99,Navy,"Made of 100% Polyester, Woven"
Cincinnati Reds,http://shop.neweracap.com/Style/59Fifty-MLB-Black-and-White-Fashion/20079650,Cincinnati Reds MLB Black and White Fashion 59FIFTY Cap,20079650,$24.99,Black,"Made of 100% Wool, Woven"
Detroit Tigers,http://shop.neweracap.com/Style/59Fifty-MLB-Black-and-White-Fashion/20079648,Detroit Tigers MLB Black and White Fashion 59FIFTY Cap,20079648,$24.99,Black,"Made of 100% Wool, Woven"
Oakland Athletics,http://shop.neweracap.com/Style/59Fifty-MLB-Black-and-White-Fashion/20079645,Oakland Athletics MLB Black and White Fashion 59FIFTY Cap,20079645,$24.99,Black,"Made of 100% Wool, Woven Fleece"
San Diego Padres,http://shop.neweracap.com/Style/59Fifty-MLB-Black-and-White-Fashion/20079643,San Diego Padres MLB Black and White Fashion 59FIFTY Cap,20079643,$24.99,Black,"Made of 100% Wool, Woven"
San Francisco Giants,http://shop.neweracap.com/Style/59Fifty-MLB-Black-and-White-Fashion/20079642,San Francisco Giants MLB Black and White Fashion 59FIFTY Cap,20079642,$24.99,Black,"Made of 100% Wool, Woven"
Boston Red Sox,http://shop.neweracap.com/Style/59Fifty-MLB-Black-and-White-Fashion/20079641,Boston Red Sox MLB Black and White Fashion 59FIFTY Cap,20079641,$24.99,Black,"Made of 100% Wool, Woven"
Pittsburgh Pirates,http://shop.neweracap.com/Style/59Fifty-MLB-Black-on-Black-Fashion/20079639,Pittsburgh Pirates MLB Black on Black Fashion 59FIFTY Cap,20079639,$24.99,Black,"Made of 100% Wool, Woven Fleece"
Cincinnati Reds,http://shop.neweracap.com/Style/59Fifty-MLB-Black-on-Black-Fashion/20079638,Cincinnati Reds MLB Black on Black Fashion 59FIFTY Cap,20079638,$24.99,Black,"Made of 100% Wool, Woven"
New York Mets,http://shop.neweracap.com/Style/59Fifty-MLB-Black-on-Black-Fashion/20079637,New York Mets MLB Black on Black Fashion 59FIFTY Cap,20079637,$24.99,Black,"Made of 100% Wool, Woven"
Baltimore Orioles,http://shop.neweracap.com/Style/59Fifty-MLB-Authentic-Collection/20078699,Baltimore Orioles MLB Authentic Collection 59FIFTY Cap,20078699,$25.99,Black/Orange,"Made of 100% Polyester, Woven"
St. Louis Cardinals,http://shop.neweracap.com/Style/59Fifty-MLB-Authentic-Collection/20078212,St. Louis Cardinals MLB Authentic Collection 59FIFTY Cap,20078212,$25.99,Navy,"Made of 100% Polyester, Woven"
Detroit Tigers,http://shop.neweracap.com/Style/59Fifty-MLB-Authentic-Collection/20078200,Detroit Tigers MLB Authentic Collection 59FIFTY Cap,20078200,$25.99,Navy,"Made of 100% Polyester, Woven"
Colorado Rockies,http://shop.neweracap.com/Style/59Fifty-MLB-Authentic-Collection/20078199,Colorado Rockies MLB Authentic Collection 59FIFTY Cap,20078199,$25.99,Purple,"Made of 100% Polyester, Woven"
Cincinnati Reds,http://shop.neweracap.com/Style/59Fifty-MLB-Authentic-Collection/20078194,Cincinnati Reds MLB Authentic Collection 59FIFTY Cap,20078194,$25.99,Black/Red,"Made of 100% Polyester, Woven"
Cincinnati Reds,http://shop.neweracap.com/Style/59Fifty-MLB-Authentic-Collection/20078193,Cincinnati Reds MLB Authentic Collection 59FIFTY Cap,20078193,$25.99,Red,"Made of 100% Polyester, Woven"
Arizona Diamondbacks,http://shop.neweracap.com/Style/59Fifty-MLB-Authentic-Collection/20078189,Arizona Diamondbacks MLB Authentic Collection 59FIFTY Cap,20078189,$25.99,Black,"Made of 100% Polyester, Woven"
Arizona Diamondbacks,http://shop.neweracap.com/Style/59Fifty-MLB-Authentic-Collection/20078188,Arizona Diamondbacks MLB Authentic Collection 59FIFTY Cap,20078188,$25.99,Brick,"Made of 100% Polyester, Woven"
Milwaukee Brewers,http://shop.neweracap.com/Style/59Fifty-MLB-Authentic-Collection/20061625,Milwaukee Brewers MLB Authentic Collection 59FIFTY Cap,20061625,$25.99,RoyalBlue,"Made of 100% Polyester, Woven"
Texas Rangers,http://shop.neweracap.com/Style/59Fifty-MLB-Black-on-Black-Fashion/20057743,Texas Rangers MLB Black on Black Fashion 59FIFTY Cap,20057743,$24.99,Black,"Made of 100% Wool, Woven"
St. Louis Cardinals,http://shop.neweracap.com/Style/59Fifty-MLB-Black-on-Black-Fashion/20057741,St. Louis Cardinals MLB Black on Black Fashion 59FIFTY Cap,20057741,$24.99,Black,"Made of 100% Nylon, Woven Felt"
San Diego Padres,http://shop.neweracap.com/Style/59Fifty-MLB-Black-on-Black-Fashion/20057739,San Diego Padres MLB Black on Black Fashion 59FIFTY Cap,20057739,$24.99,Black,"Made of 100% Wool, Woven"
Philadelphia Phillies,http://shop.neweracap.com/Style/59Fifty-MLB-Black-on-Black-Fashion/20057737,Philadelphia Phillies MLB Black on Black Fashion 59FIFTY Cap,20057737,$24.99,Black,"Made of 100% Wool, Woven Fleece"
Oakland Athletics,http://shop.neweracap.com/Style/59Fifty-MLB-Black-on-Black-Fashion/20057736,Oakland Athletics MLB Black on Black Fashion 59FIFTY Cap,20057736,$24.99,Black,"Made of 100% Wool, Woven"
Los Angeles Angels,http://shop.neweracap.com/Style/59Fifty-MLB-Black-on-Black-Fashion/20057733,Los Angeles Angels MLB Black on Black Fashion 59FIFTY Cap,20057733,$24.99,Black,"Made of 100% Wool, Woven Fleece"
Detroit Tigers,http://shop.neweracap.com/Style/59Fifty-MLB-Black-on-Black-Fashion/20057730,Detroit Tigers MLB Black on Black Fashion 59FIFTY Cap,20057730,$24.99,Black,"Made of 100% Wool, Woven Fleece"
Chicago Cubs,http://shop.neweracap.com/Style/59Fifty-MLB-Black-on-Black-Fashion/20057729,Chicago Cubs MLB Black on Black Fashion 59FIFTY Cap,20057729,$24.99,Black,"Made of 100% Wool, Woven"
Chicago White Sox,http://shop.neweracap.com/Style/59Fifty-MLB-Black-on-Black-Fashion/20057728,Chicago White Sox MLB Black on Black Fashion 59FIFTY Cap,20057728,$24.99,Black,"Made of 100% Wool, Woven Fleece"
Boston Red Sox,http://shop.neweracap.com/Style/59Fifty-MLB-Black-on-Black-Fashion/20057726,Boston Red Sox MLB Black on Black Fashion 59FIFTY Cap,20057726,$24.99,Black,Made of 100% Linen Woven
Atlanta Braves,http://shop.neweracap.com/Style/59Fifty-MLB-Black-on-Black-Fashion/20057693,Atlanta Braves MLB Black on Black Fashion 59FIFTY Cap,20057693,$24.99,Black,"Made of 100% Wool, Woven"
Texas Rangers,http://shop.neweracap.com/Style/59Fifty-MLB-Authentic-Collection/20055152,Texas Rangers MLB Authentic Collection 59FIFTY Cap,20055152,$25.99,RoyalBlue,"Made of 100% Polyester, Woven"
San Francisco Giants,http://shop.neweracap.com/Style/59Fifty-MLB-Authentic-Collection/20055150,San Francisco Giants MLB Authentic Collection 59FIFTY Cap,20055150,$25.99,Black,"Made of 100% Polyester, Woven"
San Diego Padres,http://shop.neweracap.com/Style/59Fifty-MLB-Authentic-Collection/20055149,San Diego Padres MLB Authentic Collection 59FIFTY Cap,20055149,$25.99,Navy,"Made of 100% Polyester, Woven"
New York Mets,http://shop.neweracap.com/Style/59Fifty-MLB-Authentic-Collection/20055144,New York Mets MLB Authentic Collection 59FIFTY Cap,20055144,$25.99,RoyalBlue,"Made of 100% Polyester, Woven"
Minnesota Twins,http://shop.neweracap.com/Style/59Fifty-MLB-Authentic-Collection/20055143,Minnesota Twins MLB Authentic Collection 59FIFTY Cap,20055143,$25.99,Navy,"Made of 100% Polyester, Woven"
Milwaukee Brewers,http://shop.neweracap.com/Style/59Fifty-MLB-Authentic-Collection/20055142,Milwaukee Brewers MLB Authentic Collection 59FIFTY Cap,20055142,$25.99,Navy,"Made of 100% Polyester, Woven"
Los Angeles Angels,http://shop.neweracap.com/Style/59Fifty-MLB-Authentic-Collection/20055140,Los Angeles Angels MLB Authentic Collection 59FIFTY Cap,20055140,$25.99,Red,"Made of 100% Polyester, Woven"
Cincinnati Reds,http://shop.neweracap.com/Style/59Fifty-MLB-Authentic-Collection/20055134,Cincinnati Reds MLB Authentic Collection 59FIFTY Cap,20055134,$25.99,Red/Black,"Made of 100% Polyester, Woven"
